cenario;mes;ano;plantoes_semana;renda_mensal_real;custo_vida_real;aporte_real;juro_real_mes;patrimonio_real_fim_mes;renda_carteira_6pct;renda_carteira_4pct
o_plano;1;1;5;43700.0;23700.0;20000.0;0.0;20000.0;100.0;66.67
o_plano;2;1;5;43700.0;23700.0;20000.0;97.35;40097.35;200.49;133.66
o_plano;3;1;5;43700.0;23700.0;20000.0;195.18;60292.53;301.46;200.98
o_plano;4;1;5;43700.0;23700.0;20000.0;293.48;80586.0;402.93;268.62
o_plano;5;1;5;43700.0;23700.0;20000.0;392.26;100978.26;504.89;336.59
o_plano;6;1;5;43700.0;23700.0;20000.0;491.52;121469.78;607.35;404.9
o_plano;7;1;5;43700.0;23700.0;20000.0;591.26;142061.04;710.31;473.54
o_plano;8;1;5;43700.0;23700.0;20000.0;691.49;162752.53;813.76;542.51
o_plano;9;1;5;43700.0;23700.0;20000.0;792.21;183544.73;917.72;611.82
o_plano;10;1;5;43700.0;23700.0;20000.0;893.41;204438.15;1022.19;681.46
o_plano;11;1;5;43700.0;23700.0;20000.0;995.11;225433.26;1127.17;751.44
o_plano;12;1;5;43700.0;23700.0;20000.0;1097.31;246530.57;1232.65;821.77
o_plano;13;2;5;43700.0;23700.0;20000.0;1200.0;267730.57;1338.65;892.44
o_plano;14;2;5;43700.0;23700.0;20000.0;1303.19;289033.76;1445.17;963.45
o_plano;15;2;5;43700.0;23700.0;20000.0;1406.89;310440.65;1552.2;1034.8
o_plano;16;2;5;43700.0;23700.0;20000.0;1511.09;331951.73;1659.76;1106.51
o_plano;17;2;5;43700.0;23700.0;20000.0;1615.79;353567.52;1767.84;1178.56
o_plano;18;2;5;43700.0;23700.0;20000.0;1721.01;375288.53;1876.44;1250.96
o_plano;19;2;5;43700.0;23700.0;20000.0;1826.74;397115.27;1985.58;1323.72
o_plano;20;2;5;43700.0;23700.0;20000.0;1932.98;419048.25;2095.24;1396.83
o_plano;21;2;5;43700.0;23700.0;20000.0;2039.74;441087.98;2205.44;1470.29
o_plano;22;2;5;43700.0;23700.0;20000.0;2147.02;463235.0;2316.18;1544.12
o_plano;23;2;5;43700.0;23700.0;20000.0;2254.82;485489.82;2427.45;1618.3
o_plano;24;2;5;43700.0;23700.0;20000.0;2363.15;507852.97;2539.26;1692.84
o_plano;25;3;5;43700.0;23700.0;20000.0;2472.0;530324.97;2651.62;1767.75
o_plano;26;3;5;43700.0;23700.0;20000.0;2581.38;552906.35;2764.53;1843.02
o_plano;27;3;5;43700.0;23700.0;20000.0;2691.3;575597.65;2877.99;1918.66
o_plano;28;3;5;43700.0;23700.0;20000.0;2801.75;598399.4;2992.0;1994.66
o_plano;29;3;5;43700.0;23700.0;20000.0;2912.74;621312.14;3106.56;2071.04
o_plano;30;3;5;43700.0;23700.0;20000.0;3024.27;644336.41;3221.68;2147.79
o_plano;31;3;5;43700.0;23700.0;20000.0;3136.34;667472.75;3337.36;2224.91
o_plano;32;3;5;43700.0;23700.0;20000.0;3248.96;690721.71;3453.61;2302.41
o_plano;33;3;5;43700.0;23700.0;20000.0;3362.12;714083.83;3570.42;2380.28
o_plano;34;3;5;43700.0;23700.0;20000.0;3475.84;737559.67;3687.8;2458.53
o_plano;35;3;5;43700.0;23700.0;20000.0;3590.11;761149.78;3805.75;2537.17
o_plano;36;3;5;43700.0;23700.0;20000.0;3704.94;784854.71;3924.27;2616.18
o_plano;37;4;5;43700.0;23700.0;20000.0;3820.32;808675.03;4043.38;2695.58
o_plano;38;4;5;43700.0;23700.0;20000.0;3936.27;832611.3;4163.06;2775.37
o_plano;39;4;5;43700.0;23700.0;20000.0;4052.78;856664.08;4283.32;2855.55
o_plano;40;4;5;43700.0;23700.0;20000.0;4169.86;880833.93;4404.17;2936.11
o_plano;41;4;5;43700.0;23700.0;20000.0;4287.5;905121.44;4525.61;3017.07
o_plano;42;4;5;43700.0;23700.0;20000.0;4405.72;929527.16;4647.64;3098.42
o_plano;43;4;5;43700.0;23700.0;20000.0;4524.52;954051.68;4770.26;3180.17
o_plano;44;4;5;43700.0;23700.0;20000.0;4643.89;978695.58;4893.48;3262.32
o_plano;45;4;5;43700.0;23700.0;20000.0;4763.85;1003459.43;5017.3;3344.86
o_plano;46;4;5;43700.0;23700.0;20000.0;4884.39;1028343.82;5141.72;3427.81
o_plano;47;4;5;43700.0;23700.0;20000.0;5005.52;1053349.33;5266.75;3511.16
o_plano;48;4;5;43700.0;23700.0;20000.0;5127.23;1078476.56;5392.38;3594.92
o_plano;49;5;5;43700.0;23700.0;20000.0;5249.54;1103726.1;5518.63;3679.09
o_plano;50;5;5;43700.0;23700.0;20000.0;5372.44;1129098.54;5645.49;3763.66
o_plano;51;5;5;43700.0;23700.0;20000.0;5495.94;1154594.49;5772.97;3848.65
o_plano;52;5;5;43700.0;23700.0;20000.0;5620.05;1180214.54;5901.07;3934.05
o_plano;53;5;5;43700.0;23700.0;20000.0;5744.75;1205959.29;6029.8;4019.86
o_plano;54;5;5;43700.0;23700.0;20000.0;5870.07;1231829.36;6159.15;4106.1
o_plano;55;5;5;43700.0;23700.0;20000.0;5995.99;1257825.35;6289.13;4192.75
o_plano;56;5;5;43700.0;23700.0;20000.0;6122.53;1283947.88;6419.74;4279.83
o_plano;57;5;5;43700.0;23700.0;20000.0;6249.68;1310197.56;6550.99;4367.33
o_plano;58;5;5;43700.0;23700.0;20000.0;6377.45;1336575.01;6682.88;4455.25
o_plano;59;5;5;43700.0;23700.0;20000.0;6505.85;1363080.86;6815.4;4543.6
o_plano;60;5;5;43700.0;23700.0;20000.0;6634.86;1389715.72;6948.58;4632.39
o_plano;61;6;5;43700.0;23700.0;20000.0;6764.51;1416480.23;7082.4;4721.6
o_plano;62;6;5;43700.0;23700.0;20000.0;6894.79;1443375.02;7216.88;4811.25
o_plano;63;6;5;43700.0;23700.0;20000.0;7025.7;1470400.72;7352.0;4901.34
o_plano;64;6;5;43700.0;23700.0;20000.0;7157.25;1497557.97;7487.79;4991.86
o_plano;65;6;5;43700.0;23700.0;20000.0;7289.44;1524847.41;7624.24;5082.82
o_plano;66;6;5;43700.0;23700.0;20000.0;7422.27;1552269.69;7761.35;5174.23
o_plano;67;6;5;43700.0;23700.0;20000.0;7555.75;1579825.44;7899.13;5266.08
o_plano;68;6;5;43700.0;23700.0;20000.0;7689.88;1607515.32;8037.58;5358.38
o_plano;69;6;5;43700.0;23700.0;20000.0;7824.66;1635339.98;8176.7;5451.13
o_plano;70;6;5;43700.0;23700.0;20000.0;7960.1;1663300.08;8316.5;5544.33
o_plano;71;6;5;43700.0;23700.0;20000.0;8096.2;1691396.28;8456.98;5637.99
o_plano;72;6;5;43700.0;23700.0;20000.0;8232.96;1719629.23;8598.15;5732.1
o_plano;73;7;5;43700.0;23700.0;20000.0;8370.38;1747999.62;8740.0;5826.67
o_plano;74;7;5;43700.0;23700.0;20000.0;8508.48;1776508.09;8882.54;5921.69
o_plano;75;7;5;43700.0;23700.0;20000.0;8647.24;1805155.33;9025.78;6017.18
o_plano;76;7;5;43700.0;23700.0;20000.0;8786.68;1833942.02;9169.71;6113.14
o_plano;77;7;5;43700.0;23700.0;20000.0;8926.81;1862868.83;9314.34;6209.56
o_plano;78;7;5;43700.0;23700.0;20000.0;9067.61;1891936.43;9459.68;6306.45
o_plano;79;7;5;43700.0;23700.0;20000.0;9209.1;1921145.53;9605.73;6403.82
o_plano;80;7;5;43700.0;23700.0;20000.0;9351.27;1950496.8;9752.48;6501.66
o_plano;81;7;5;43700.0;23700.0;20000.0;9494.14;1979990.94;9899.95;6599.97
o_plano;82;7;5;43700.0;23700.0;20000.0;9637.71;2009628.65;10048.14;6698.76
o_plano;83;7;5;43700.0;23700.0;20000.0;9781.97;2039410.62;10197.05;6798.04
o_plano;84;7;5;43700.0;23700.0;20000.0;9926.93;2069337.55;10346.69;6897.79
o_plano;85;8;5;43700.0;23700.0;20000.0;10072.61;2099410.16;10497.05;6998.03
o_plano;86;8;5;43700.0;23700.0;20000.0;10218.99;2129629.14;10648.15;7098.76
o_plano;87;8;5;43700.0;23700.0;20000.0;10366.08;2159995.22;10799.98;7199.98
o_plano;88;8;5;43700.0;23700.0;20000.0;10513.89;2190509.11;10952.55;7301.7
o_plano;89;8;5;43700.0;23700.0;20000.0;10662.41;2221171.52;11105.86;7403.91
o_plano;90;8;5;43700.0;23700.0;20000.0;10811.66;2251983.19;11259.92;7506.61
o_plano;91;8;5;43700.0;23700.0;20000.0;10961.64;2282944.83;11414.72;7609.82
o_plano;92;8;5;43700.0;23700.0;20000.0;11112.35;2314057.18;11570.29;7713.52
o_plano;93;8;5;43700.0;23700.0;20000.0;11263.79;2345320.97;11726.6;7817.74
o_plano;94;8;5;43700.0;23700.0;20000.0;11415.97;2376736.94;11883.68;7922.46
o_plano;95;8;5;43700.0;23700.0;20000.0;11568.89;2408305.82;12041.53;8027.69
o_plano;96;8;5;43700.0;23700.0;20000.0;11722.55;2440028.37;12200.14;8133.43
o_plano;97;9;5;43700.0;23700.0;20000.0;11876.96;2471905.34;12359.53;8239.68
o_plano;98;9;5;43700.0;23700.0;20000.0;12032.12;2503937.46;12519.69;8346.46
o_plano;99;9;5;43700.0;23700.0;20000.0;12188.04;2536125.5;12680.63;8453.75
o_plano;100;9;5;43700.0;23700.0;20000.0;12344.72;2568470.22;12842.35;8561.57
o_plano;101;9;5;43700.0;23700.0;20000.0;12502.16;2600972.38;13004.86;8669.91
o_plano;102;9;5;43700.0;23700.0;20000.0;12660.36;2633632.74;13168.16;8778.78
o_plano;103;9;5;43700.0;23700.0;20000.0;12819.34;2666452.08;13332.26;8888.17
o_plano;104;9;5;43700.0;23700.0;20000.0;12979.09;2699431.18;13497.16;8998.1
o_plano;105;9;5;43700.0;23700.0;20000.0;13139.62;2732570.79;13662.85;9108.57
o_plano;106;9;5;43700.0;23700.0;20000.0;13300.93;2765871.72;13829.36;9219.57
o_plano;107;9;5;43700.0;23700.0;20000.0;13463.02;2799334.74;13996.67;9331.12
o_plano;108;9;5;43700.0;23700.0;20000.0;13625.9;2832960.64;14164.8;9443.2
o_plano;109;10;5;43700.0;23700.0;20000.0;13789.58;2866750.22;14333.75;9555.83
o_plano;110;10;5;43700.0;23700.0;20000.0;13954.05;2900704.27;14503.52;9669.01
o_plano;111;10;5;43700.0;23700.0;20000.0;14119.32;2934823.6;14674.12;9782.75
o_plano;112;10;5;43700.0;23700.0;20000.0;14285.4;2969109.0;14845.55;9897.03
o_plano;113;10;5;43700.0;23700.0;20000.0;14452.29;3003561.29;15017.81;10011.87
o_plano;114;10;5;43700.0;23700.0;20000.0;14619.99;3038181.28;15190.91;10127.27
o_plano;115;10;5;43700.0;23700.0;20000.0;14788.5;3072969.78;15364.85;10243.23
o_plano;116;10;5;43700.0;23700.0;20000.0;14957.84;3107927.61;15539.64;10359.76
o_plano;117;10;5;43700.0;23700.0;20000.0;15127.99;3143055.61;15715.28;10476.85
o_plano;118;10;5;43700.0;23700.0;20000.0;15298.98;3178354.59;15891.77;10594.52
o_plano;119;10;5;43700.0;23700.0;20000.0;15470.8;3213825.39;16069.13;10712.75
o_plano;120;10;5;43700.0;23700.0;20000.0;15643.46;3249468.85;16247.34;10831.56
o_plano;121;11;4;33733.33;23700.0;10033.33;15816.95;3275319.14;16376.6;10917.73
o_plano;122;11;4;33733.33;23700.0;10033.33;15942.78;3301295.25;16506.48;11004.32
o_plano;123;11;4;33733.33;23700.0;10033.33;16069.22;3327397.81;16636.99;11091.33
o_plano;124;11;4;33733.33;23700.0;10033.33;16196.28;3353627.42;16768.14;11178.76
o_plano;125;11;4;33733.33;23700.0;10033.33;16323.95;3379984.7;16899.92;11266.62
o_plano;126;11;4;33733.33;23700.0;10033.33;16452.25;3406470.28;17032.35;11354.9
o_plano;127;11;4;33733.33;23700.0;10033.33;16581.17;3433084.78;17165.42;11443.62
o_plano;128;11;4;33733.33;23700.0;10033.33;16710.71;3459828.83;17299.14;11532.76
o_plano;129;11;4;33733.33;23700.0;10033.33;16840.89;3486703.05;17433.52;11622.34
o_plano;130;11;4;33733.33;23700.0;10033.33;16971.7;3513708.09;17568.54;11712.36
o_plano;131;11;4;33733.33;23700.0;10033.33;17103.15;3540844.57;17704.22;11802.82
o_plano;132;11;4;33733.33;23700.0;10033.33;17235.24;3568113.15;17840.57;11893.71
o_plano;133;12;4;33733.33;23700.0;10033.33;17367.97;3595514.45;17977.57;11985.05
o_plano;134;12;4;33733.33;23700.0;10033.33;17501.35;3623049.13;18115.25;12076.83
o_plano;135;12;4;33733.33;23700.0;10033.33;17635.37;3650717.84;18253.59;12169.06
o_plano;136;12;4;33733.33;23700.0;10033.33;17770.05;3678521.23;18392.61;12261.74
o_plano;137;12;4;33733.33;23700.0;10033.33;17905.39;3706459.95;18532.3;12354.87
o_plano;138;12;4;33733.33;23700.0;10033.33;18041.38;3734534.66;18672.67;12448.45
o_plano;139;12;4;33733.33;23700.0;10033.33;18178.04;3762746.03;18813.73;12542.49
o_plano;140;12;4;33733.33;23700.0;10033.33;18315.36;3791094.72;18955.47;12636.98
o_plano;141;12;4;33733.33;23700.0;10033.33;18453.35;3819581.4;19097.91;12731.94
o_plano;142;12;4;33733.33;23700.0;10033.33;18592.01;3848206.74;19241.03;12827.36
o_plano;143;12;4;33733.33;23700.0;10033.33;18731.34;3876971.42;19384.86;12923.24
o_plano;144;12;4;33733.33;23700.0;10033.33;18871.35;3905876.1;19529.38;13019.59
o_plano;145;13;4;33733.33;23700.0;10033.33;19012.05;3934921.49;19674.61;13116.4
o_plano;146;13;4;33733.33;23700.0;10033.33;19153.43;3964108.25;19820.54;13213.69
o_plano;147;13;4;33733.33;23700.0;10033.33;19295.5;3993437.08;19967.19;13311.46
o_plano;148;13;4;33733.33;23700.0;10033.33;19438.26;4022908.67;20114.54;13409.7
o_plano;149;13;4;33733.33;23700.0;10033.33;19581.71;4052523.71;20262.62;13508.41
o_plano;150;13;4;33733.33;23700.0;10033.33;19725.86;4082282.91;20411.41;13607.61
o_plano;151;13;4;33733.33;23700.0;10033.33;19870.72;4112186.96;20560.93;13707.29
o_plano;152;13;4;33733.33;23700.0;10033.33;20016.28;4142236.58;20711.18;13807.46
o_plano;153;13;4;33733.33;23700.0;10033.33;20162.55;4172432.45;20862.16;13908.11
o_plano;154;13;4;33733.33;23700.0;10033.33;20309.53;4202775.31;21013.88;14009.25
o_plano;155;13;4;33733.33;23700.0;10033.33;20457.22;4233265.87;21166.33;14110.89
o_plano;156;13;4;33733.33;23700.0;10033.33;20605.64;4263904.84;21319.52;14213.02
o_plano;157;14;4;33733.33;23700.0;10033.33;20754.77;4294692.94;21473.46;14315.64
o_plano;158;14;4;33733.33;23700.0;10033.33;20904.64;4325630.91;21628.15;14418.77
o_plano;159;14;4;33733.33;23700.0;10033.33;21055.23;4356719.47;21783.6;14522.4
o_plano;160;14;4;33733.33;23700.0;10033.33;21206.55;4387959.36;21939.8;14626.53
o_plano;161;14;4;33733.33;23700.0;10033.33;21358.61;4419351.31;22096.76;14731.17
o_plano;162;14;4;33733.33;23700.0;10033.33;21511.42;4450896.05;22254.48;14836.32
o_plano;163;14;4;33733.33;23700.0;10033.33;21664.96;4482594.35;22412.97;14941.98
o_plano;164;14;4;33733.33;23700.0;10033.33;21819.25;4514446.94;22572.23;15048.16
o_plano;165;14;4;33733.33;23700.0;10033.33;21974.3;4546454.57;22732.27;15154.85
o_plano;166;14;4;33733.33;23700.0;10033.33;22130.1;4578618.0;22893.09;15262.06
o_plano;167;14;4;33733.33;23700.0;10033.33;22286.65;4610937.99;23054.69;15369.79
o_plano;168;14;4;33733.33;23700.0;10033.33;22443.97;4643415.3;23217.08;15478.05
o_plano;169;15;4;33733.33;23700.0;10033.33;22602.06;4676050.69;23380.25;15586.84
o_plano;170;15;4;33733.33;23700.0;10033.33;22760.91;4708844.93;23544.22;15696.15
o_plano;171;15;4;33733.33;23700.0;10033.33;22920.54;4741798.81;23708.99;15806.0
o_plano;172;15;4;33733.33;23700.0;10033.33;23080.95;4774913.09;23874.57;15916.38
o_plano;173;15;4;33733.33;23700.0;10033.33;23242.13;4808188.55;24040.94;16027.3
o_plano;174;15;4;33733.33;23700.0;10033.33;23404.1;4841625.99;24208.13;16138.75
o_plano;175;15;4;33733.33;23700.0;10033.33;23566.86;4875226.18;24376.13;16250.75
o_plano;176;15;4;33733.33;23700.0;10033.33;23730.41;4908989.92;24544.95;16363.3
o_plano;177;15;4;33733.33;23700.0;10033.33;23894.76;4942918.01;24714.59;16476.39
o_plano;178;15;4;33733.33;23700.0;10033.33;24059.9;4977011.25;24885.06;16590.04
o_plano;179;15;4;33733.33;23700.0;10033.33;24225.85;5011270.44;25056.35;16704.23
o_plano;180;15;4;33733.33;23700.0;10033.33;24392.61;5045696.38;25228.48;16818.99
o_plano;181;16;3;24150.0;23700.0;450.0;24560.18;5070706.56;25353.53;16902.36
o_plano;182;16;3;24150.0;23700.0;450.0;24681.92;5095838.48;25479.19;16986.13
o_plano;183;16;3;24150.0;23700.0;450.0;24804.25;5121092.74;25605.46;17070.31
o_plano;184;16;3;24150.0;23700.0;450.0;24927.18;5146469.91;25732.35;17154.9
o_plano;185;16;3;24150.0;23700.0;450.0;25050.7;5171970.62;25859.85;17239.9
o_plano;186;16;3;24150.0;23700.0;450.0;25174.83;5197595.44;25987.98;17325.32
o_plano;187;16;3;24150.0;23700.0;450.0;25299.56;5223345.0;26116.73;17411.15
o_plano;188;16;3;24150.0;23700.0;450.0;25424.9;5249219.9;26246.1;17497.4
o_plano;189;16;3;24150.0;23700.0;450.0;25550.84;5275220.74;26376.1;17584.07
o_plano;190;16;3;24150.0;23700.0;450.0;25677.4;5301348.15;26506.74;17671.16
o_plano;191;16;3;24150.0;23700.0;450.0;25804.58;5327602.73;26638.01;17758.68
o_plano;192;16;3;24150.0;23700.0;450.0;25932.38;5353985.1;26769.93;17846.62
o_plano;193;17;3;24150.0;23700.0;450.0;26060.79;5380495.89;26902.48;17934.99
o_plano;194;17;3;24150.0;23700.0;450.0;26189.84;5407135.73;27035.68;18023.79
o_plano;195;17;3;24150.0;23700.0;450.0;26319.51;5433905.24;27169.53;18113.02
o_plano;196;17;3;24150.0;23700.0;450.0;26449.81;5460805.05;27304.03;18202.68
o_plano;197;17;3;24150.0;23700.0;450.0;26580.74;5487835.79;27439.18;18292.79
o_plano;198;17;3;24150.0;23700.0;450.0;26712.32;5514998.11;27574.99;18383.33
o_plano;199;17;3;24150.0;23700.0;450.0;26844.53;5542292.64;27711.46;18474.31
o_plano;200;17;3;24150.0;23700.0;450.0;26977.39;5569720.03;27848.6;18565.73
o_plano;201;17;3;24150.0;23700.0;450.0;27110.89;5597280.92;27986.4;18657.6
o_plano;202;17;3;24150.0;23700.0;450.0;27245.05;5624975.97;28124.88;18749.92
o_plano;203;17;3;24150.0;23700.0;450.0;27379.85;5652805.83;28264.03;18842.69
o_plano;204;17;3;24150.0;23700.0;450.0;27515.32;5680771.15;28403.86;18935.9
o_plano;205;18;3;24150.0;23700.0;450.0;27651.44;5708872.59;28544.36;19029.58
o_plano;206;18;3;24150.0;23700.0;450.0;27788.23;5737110.81;28685.55;19123.7
o_plano;207;18;3;24150.0;23700.0;450.0;27925.68;5765486.49;28827.43;19218.29
o_plano;208;18;3;24150.0;23700.0;450.0;28063.8;5794000.29;28970.0;19313.33
o_plano;209;18;3;24150.0;23700.0;450.0;28202.59;5822652.88;29113.26;19408.84
o_plano;210;18;3;24150.0;23700.0;450.0;28342.06;5851444.93;29257.22;19504.82
o_plano;211;18;3;24150.0;23700.0;450.0;28482.2;5880377.14;29401.89;19601.26
o_plano;212;18;3;24150.0;23700.0;450.0;28623.03;5909450.17;29547.25;19698.17
o_plano;213;18;3;24150.0;23700.0;450.0;28764.55;5938664.72;29693.32;19795.55
o_plano;214;18;3;24150.0;23700.0;450.0;28906.75;5968021.47;29840.11;19893.4
o_plano;215;18;3;24150.0;23700.0;450.0;29049.65;5997521.11;29987.61;19991.74
o_plano;216;18;3;24150.0;23700.0;450.0;29193.24;6027164.35;30135.82;20090.55
o_plano;217;19;3;24150.0;23700.0;450.0;29337.53;6056951.88;30284.76;20189.84
o_plano;218;19;3;24150.0;23700.0;450.0;29482.52;6086884.4;30434.42;20289.61
o_plano;219;19;3;24150.0;23700.0;450.0;29628.22;6116962.62;30584.81;20389.88
o_plano;220;19;3;24150.0;23700.0;450.0;29774.62;6147187.24;30735.94;20490.62
o_plano;221;19;3;24150.0;23700.0;450.0;29921.74;6177558.99;30887.79;20591.86
o_plano;222;19;3;24150.0;23700.0;450.0;30069.58;6208078.57;31040.39;20693.6
o_plano;223;19;3;24150.0;23700.0;450.0;30218.14;6238746.7;31193.73;20795.82
o_plano;224;19;3;24150.0;23700.0;450.0;30367.42;6269564.12;31347.82;20898.55
o_plano;225;19;3;24150.0;23700.0;450.0;30517.42;6300531.54;31502.66;21001.77
o_plano;226;19;3;24150.0;23700.0;450.0;30668.16;6331649.69;31658.25;21105.5
o_plano;227;19;3;24150.0;23700.0;450.0;30819.63;6362919.32;31814.6;21209.73
o_plano;228;19;3;24150.0;23700.0;450.0;30971.83;6394341.15;31971.71;21314.47
o_plano;229;20;3;24150.0;23700.0;450.0;31124.78;6425915.93;32129.58;21419.72
o_plano;230;20;3;24150.0;23700.0;450.0;31278.47;6457644.4;32288.22;21525.48
o_plano;231;20;3;24150.0;23700.0;450.0;31432.91;6489527.31;32447.64;21631.76
o_plano;232;20;3;24150.0;23700.0;450.0;31588.1;6521565.41;32607.83;21738.55
o_plano;233;20;3;24150.0;23700.0;450.0;31744.05;6553759.46;32768.8;21845.86
o_plano;234;20;3;24150.0;23700.0;450.0;31900.76;6586110.22;32930.55;21953.7
o_plano;235;20;3;24150.0;23700.0;450.0;32058.22;6618618.44;33093.09;22062.06
o_plano;236;20;3;24150.0;23700.0;450.0;32216.46;6651284.9;33256.42;22170.95
o_plano;237;20;3;24150.0;23700.0;450.0;32375.47;6684110.37;33420.55;22280.37
o_plano;238;20;3;24150.0;23700.0;450.0;32535.25;6717095.61;33585.48;22390.32
o_plano;239;20;3;24150.0;23700.0;450.0;32695.8;6750241.42;33751.21;22500.8
o_plano;240;20;3;24150.0;23700.0;450.0;32857.14;6783548.56;33917.74;22611.83
cinco_ate_o_fim;1;1;5;43700.0;23700.0;20000.0;0.0;20000.0;100.0;66.67
cinco_ate_o_fim;2;1;5;43700.0;23700.0;20000.0;97.35;40097.35;200.49;133.66
cinco_ate_o_fim;3;1;5;43700.0;23700.0;20000.0;195.18;60292.53;301.46;200.98
cinco_ate_o_fim;4;1;5;43700.0;23700.0;20000.0;293.48;80586.0;402.93;268.62
cinco_ate_o_fim;5;1;5;43700.0;23700.0;20000.0;392.26;100978.26;504.89;336.59
cinco_ate_o_fim;6;1;5;43700.0;23700.0;20000.0;491.52;121469.78;607.35;404.9
cinco_ate_o_fim;7;1;5;43700.0;23700.0;20000.0;591.26;142061.04;710.31;473.54
cinco_ate_o_fim;8;1;5;43700.0;23700.0;20000.0;691.49;162752.53;813.76;542.51
cinco_ate_o_fim;9;1;5;43700.0;23700.0;20000.0;792.21;183544.73;917.72;611.82
cinco_ate_o_fim;10;1;5;43700.0;23700.0;20000.0;893.41;204438.15;1022.19;681.46
cinco_ate_o_fim;11;1;5;43700.0;23700.0;20000.0;995.11;225433.26;1127.17;751.44
cinco_ate_o_fim;12;1;5;43700.0;23700.0;20000.0;1097.31;246530.57;1232.65;821.77
cinco_ate_o_fim;13;2;5;43700.0;23700.0;20000.0;1200.0;267730.57;1338.65;892.44
cinco_ate_o_fim;14;2;5;43700.0;23700.0;20000.0;1303.19;289033.76;1445.17;963.45
cinco_ate_o_fim;15;2;5;43700.0;23700.0;20000.0;1406.89;310440.65;1552.2;1034.8
cinco_ate_o_fim;16;2;5;43700.0;23700.0;20000.0;1511.09;331951.73;1659.76;1106.51
cinco_ate_o_fim;17;2;5;43700.0;23700.0;20000.0;1615.79;353567.52;1767.84;1178.56
cinco_ate_o_fim;18;2;5;43700.0;23700.0;20000.0;1721.01;375288.53;1876.44;1250.96
cinco_ate_o_fim;19;2;5;43700.0;23700.0;20000.0;1826.74;397115.27;1985.58;1323.72
cinco_ate_o_fim;20;2;5;43700.0;23700.0;20000.0;1932.98;419048.25;2095.24;1396.83
cinco_ate_o_fim;21;2;5;43700.0;23700.0;20000.0;2039.74;441087.98;2205.44;1470.29
cinco_ate_o_fim;22;2;5;43700.0;23700.0;20000.0;2147.02;463235.0;2316.18;1544.12
cinco_ate_o_fim;23;2;5;43700.0;23700.0;20000.0;2254.82;485489.82;2427.45;1618.3
cinco_ate_o_fim;24;2;5;43700.0;23700.0;20000.0;2363.15;507852.97;2539.26;1692.84
cinco_ate_o_fim;25;3;5;43700.0;23700.0;20000.0;2472.0;530324.97;2651.62;1767.75
cinco_ate_o_fim;26;3;5;43700.0;23700.0;20000.0;2581.38;552906.35;2764.53;1843.02
cinco_ate_o_fim;27;3;5;43700.0;23700.0;20000.0;2691.3;575597.65;2877.99;1918.66
cinco_ate_o_fim;28;3;5;43700.0;23700.0;20000.0;2801.75;598399.4;2992.0;1994.66
cinco_ate_o_fim;29;3;5;43700.0;23700.0;20000.0;2912.74;621312.14;3106.56;2071.04
cinco_ate_o_fim;30;3;5;43700.0;23700.0;20000.0;3024.27;644336.41;3221.68;2147.79
cinco_ate_o_fim;31;3;5;43700.0;23700.0;20000.0;3136.34;667472.75;3337.36;2224.91
cinco_ate_o_fim;32;3;5;43700.0;23700.0;20000.0;3248.96;690721.71;3453.61;2302.41
cinco_ate_o_fim;33;3;5;43700.0;23700.0;20000.0;3362.12;714083.83;3570.42;2380.28
cinco_ate_o_fim;34;3;5;43700.0;23700.0;20000.0;3475.84;737559.67;3687.8;2458.53
cinco_ate_o_fim;35;3;5;43700.0;23700.0;20000.0;3590.11;761149.78;3805.75;2537.17
cinco_ate_o_fim;36;3;5;43700.0;23700.0;20000.0;3704.94;784854.71;3924.27;2616.18
cinco_ate_o_fim;37;4;5;43700.0;23700.0;20000.0;3820.32;808675.03;4043.38;2695.58
cinco_ate_o_fim;38;4;5;43700.0;23700.0;20000.0;3936.27;832611.3;4163.06;2775.37
cinco_ate_o_fim;39;4;5;43700.0;23700.0;20000.0;4052.78;856664.08;4283.32;2855.55
cinco_ate_o_fim;40;4;5;43700.0;23700.0;20000.0;4169.86;880833.93;4404.17;2936.11
cinco_ate_o_fim;41;4;5;43700.0;23700.0;20000.0;4287.5;905121.44;4525.61;3017.07
cinco_ate_o_fim;42;4;5;43700.0;23700.0;20000.0;4405.72;929527.16;4647.64;3098.42
cinco_ate_o_fim;43;4;5;43700.0;23700.0;20000.0;4524.52;954051.68;4770.26;3180.17
cinco_ate_o_fim;44;4;5;43700.0;23700.0;20000.0;4643.89;978695.58;4893.48;3262.32
cinco_ate_o_fim;45;4;5;43700.0;23700.0;20000.0;4763.85;1003459.43;5017.3;3344.86
cinco_ate_o_fim;46;4;5;43700.0;23700.0;20000.0;4884.39;1028343.82;5141.72;3427.81
cinco_ate_o_fim;47;4;5;43700.0;23700.0;20000.0;5005.52;1053349.33;5266.75;3511.16
cinco_ate_o_fim;48;4;5;43700.0;23700.0;20000.0;5127.23;1078476.56;5392.38;3594.92
cinco_ate_o_fim;49;5;5;43700.0;23700.0;20000.0;5249.54;1103726.1;5518.63;3679.09
cinco_ate_o_fim;50;5;5;43700.0;23700.0;20000.0;5372.44;1129098.54;5645.49;3763.66
cinco_ate_o_fim;51;5;5;43700.0;23700.0;20000.0;5495.94;1154594.49;5772.97;3848.65
cinco_ate_o_fim;52;5;5;43700.0;23700.0;20000.0;5620.05;1180214.54;5901.07;3934.05
cinco_ate_o_fim;53;5;5;43700.0;23700.0;20000.0;5744.75;1205959.29;6029.8;4019.86
cinco_ate_o_fim;54;5;5;43700.0;23700.0;20000.0;5870.07;1231829.36;6159.15;4106.1
cinco_ate_o_fim;55;5;5;43700.0;23700.0;20000.0;5995.99;1257825.35;6289.13;4192.75
cinco_ate_o_fim;56;5;5;43700.0;23700.0;20000.0;6122.53;1283947.88;6419.74;4279.83
cinco_ate_o_fim;57;5;5;43700.0;23700.0;20000.0;6249.68;1310197.56;6550.99;4367.33
cinco_ate_o_fim;58;5;5;43700.0;23700.0;20000.0;6377.45;1336575.01;6682.88;4455.25
cinco_ate_o_fim;59;5;5;43700.0;23700.0;20000.0;6505.85;1363080.86;6815.4;4543.6
cinco_ate_o_fim;60;5;5;43700.0;23700.0;20000.0;6634.86;1389715.72;6948.58;4632.39
cinco_ate_o_fim;61;6;5;43700.0;23700.0;20000.0;6764.51;1416480.23;7082.4;4721.6
cinco_ate_o_fim;62;6;5;43700.0;23700.0;20000.0;6894.79;1443375.02;7216.88;4811.25
cinco_ate_o_fim;63;6;5;43700.0;23700.0;20000.0;7025.7;1470400.72;7352.0;4901.34
cinco_ate_o_fim;64;6;5;43700.0;23700.0;20000.0;7157.25;1497557.97;7487.79;4991.86
cinco_ate_o_fim;65;6;5;43700.0;23700.0;20000.0;7289.44;1524847.41;7624.24;5082.82
cinco_ate_o_fim;66;6;5;43700.0;23700.0;20000.0;7422.27;1552269.69;7761.35;5174.23
cinco_ate_o_fim;67;6;5;43700.0;23700.0;20000.0;7555.75;1579825.44;7899.13;5266.08
cinco_ate_o_fim;68;6;5;43700.0;23700.0;20000.0;7689.88;1607515.32;8037.58;5358.38
cinco_ate_o_fim;69;6;5;43700.0;23700.0;20000.0;7824.66;1635339.98;8176.7;5451.13
cinco_ate_o_fim;70;6;5;43700.0;23700.0;20000.0;7960.1;1663300.08;8316.5;5544.33
cinco_ate_o_fim;71;6;5;43700.0;23700.0;20000.0;8096.2;1691396.28;8456.98;5637.99
cinco_ate_o_fim;72;6;5;43700.0;23700.0;20000.0;8232.96;1719629.23;8598.15;5732.1
cinco_ate_o_fim;73;7;5;43700.0;23700.0;20000.0;8370.38;1747999.62;8740.0;5826.67
cinco_ate_o_fim;74;7;5;43700.0;23700.0;20000.0;8508.48;1776508.09;8882.54;5921.69
cinco_ate_o_fim;75;7;5;43700.0;23700.0;20000.0;8647.24;1805155.33;9025.78;6017.18
cinco_ate_o_fim;76;7;5;43700.0;23700.0;20000.0;8786.68;1833942.02;9169.71;6113.14
cinco_ate_o_fim;77;7;5;43700.0;23700.0;20000.0;8926.81;1862868.83;9314.34;6209.56
cinco_ate_o_fim;78;7;5;43700.0;23700.0;20000.0;9067.61;1891936.43;9459.68;6306.45
cinco_ate_o_fim;79;7;5;43700.0;23700.0;20000.0;9209.1;1921145.53;9605.73;6403.82
cinco_ate_o_fim;80;7;5;43700.0;23700.0;20000.0;9351.27;1950496.8;9752.48;6501.66
cinco_ate_o_fim;81;7;5;43700.0;23700.0;20000.0;9494.14;1979990.94;9899.95;6599.97
cinco_ate_o_fim;82;7;5;43700.0;23700.0;20000.0;9637.71;2009628.65;10048.14;6698.76
cinco_ate_o_fim;83;7;5;43700.0;23700.0;20000.0;9781.97;2039410.62;10197.05;6798.04
cinco_ate_o_fim;84;7;5;43700.0;23700.0;20000.0;9926.93;2069337.55;10346.69;6897.79
cinco_ate_o_fim;85;8;5;43700.0;23700.0;20000.0;10072.61;2099410.16;10497.05;6998.03
cinco_ate_o_fim;86;8;5;43700.0;23700.0;20000.0;10218.99;2129629.14;10648.15;7098.76
cinco_ate_o_fim;87;8;5;43700.0;23700.0;20000.0;10366.08;2159995.22;10799.98;7199.98
cinco_ate_o_fim;88;8;5;43700.0;23700.0;20000.0;10513.89;2190509.11;10952.55;7301.7
cinco_ate_o_fim;89;8;5;43700.0;23700.0;20000.0;10662.41;2221171.52;11105.86;7403.91
cinco_ate_o_fim;90;8;5;43700.0;23700.0;20000.0;10811.66;2251983.19;11259.92;7506.61
cinco_ate_o_fim;91;8;5;43700.0;23700.0;20000.0;10961.64;2282944.83;11414.72;7609.82
cinco_ate_o_fim;92;8;5;43700.0;23700.0;20000.0;11112.35;2314057.18;11570.29;7713.52
cinco_ate_o_fim;93;8;5;43700.0;23700.0;20000.0;11263.79;2345320.97;11726.6;7817.74
cinco_ate_o_fim;94;8;5;43700.0;23700.0;20000.0;11415.97;2376736.94;11883.68;7922.46
cinco_ate_o_fim;95;8;5;43700.0;23700.0;20000.0;11568.89;2408305.82;12041.53;8027.69
cinco_ate_o_fim;96;8;5;43700.0;23700.0;20000.0;11722.55;2440028.37;12200.14;8133.43
cinco_ate_o_fim;97;9;5;43700.0;23700.0;20000.0;11876.96;2471905.34;12359.53;8239.68
cinco_ate_o_fim;98;9;5;43700.0;23700.0;20000.0;12032.12;2503937.46;12519.69;8346.46
cinco_ate_o_fim;99;9;5;43700.0;23700.0;20000.0;12188.04;2536125.5;12680.63;8453.75
cinco_ate_o_fim;100;9;5;43700.0;23700.0;20000.0;12344.72;2568470.22;12842.35;8561.57
cinco_ate_o_fim;101;9;5;43700.0;23700.0;20000.0;12502.16;2600972.38;13004.86;8669.91
cinco_ate_o_fim;102;9;5;43700.0;23700.0;20000.0;12660.36;2633632.74;13168.16;8778.78
cinco_ate_o_fim;103;9;5;43700.0;23700.0;20000.0;12819.34;2666452.08;13332.26;8888.17
cinco_ate_o_fim;104;9;5;43700.0;23700.0;20000.0;12979.09;2699431.18;13497.16;8998.1
cinco_ate_o_fim;105;9;5;43700.0;23700.0;20000.0;13139.62;2732570.79;13662.85;9108.57
cinco_ate_o_fim;106;9;5;43700.0;23700.0;20000.0;13300.93;2765871.72;13829.36;9219.57
cinco_ate_o_fim;107;9;5;43700.0;23700.0;20000.0;13463.02;2799334.74;13996.67;9331.12
cinco_ate_o_fim;108;9;5;43700.0;23700.0;20000.0;13625.9;2832960.64;14164.8;9443.2
cinco_ate_o_fim;109;10;5;43700.0;23700.0;20000.0;13789.58;2866750.22;14333.75;9555.83
cinco_ate_o_fim;110;10;5;43700.0;23700.0;20000.0;13954.05;2900704.27;14503.52;9669.01
cinco_ate_o_fim;111;10;5;43700.0;23700.0;20000.0;14119.32;2934823.6;14674.12;9782.75
cinco_ate_o_fim;112;10;5;43700.0;23700.0;20000.0;14285.4;2969109.0;14845.55;9897.03
cinco_ate_o_fim;113;10;5;43700.0;23700.0;20000.0;14452.29;3003561.29;15017.81;10011.87
cinco_ate_o_fim;114;10;5;43700.0;23700.0;20000.0;14619.99;3038181.28;15190.91;10127.27
cinco_ate_o_fim;115;10;5;43700.0;23700.0;20000.0;14788.5;3072969.78;15364.85;10243.23
cinco_ate_o_fim;116;10;5;43700.0;23700.0;20000.0;14957.84;3107927.61;15539.64;10359.76
cinco_ate_o_fim;117;10;5;43700.0;23700.0;20000.0;15127.99;3143055.61;15715.28;10476.85
cinco_ate_o_fim;118;10;5;43700.0;23700.0;20000.0;15298.98;3178354.59;15891.77;10594.52
cinco_ate_o_fim;119;10;5;43700.0;23700.0;20000.0;15470.8;3213825.39;16069.13;10712.75
cinco_ate_o_fim;120;10;5;43700.0;23700.0;20000.0;15643.46;3249468.85;16247.34;10831.56
cinco_ate_o_fim;121;11;5;43700.0;23700.0;20000.0;15816.95;3285285.8;16426.43;10950.95
cinco_ate_o_fim;122;11;5;43700.0;23700.0;20000.0;15991.29;3321277.1;16606.39;11070.92
cinco_ate_o_fim;123;11;5;43700.0;23700.0;20000.0;16166.48;3357443.58;16787.22;11191.48
cinco_ate_o_fim;124;11;5;43700.0;23700.0;20000.0;16342.53;3393786.11;16968.93;11312.62
cinco_ate_o_fim;125;11;5;43700.0;23700.0;20000.0;16519.43;3430305.53;17151.53;11434.35
cinco_ate_o_fim;126;11;5;43700.0;23700.0;20000.0;16697.19;3467002.72;17335.01;11556.68
cinco_ate_o_fim;127;11;5;43700.0;23700.0;20000.0;16875.81;3503878.53;17519.39;11679.6
cinco_ate_o_fim;128;11;5;43700.0;23700.0;20000.0;17055.31;3540933.84;17704.67;11803.11
cinco_ate_o_fim;129;11;5;43700.0;23700.0;20000.0;17235.67;3578169.51;17890.85;11927.23
cinco_ate_o_fim;130;11;5;43700.0;23700.0;20000.0;17416.92;3615586.43;18077.93;12051.95
cinco_ate_o_fim;131;11;5;43700.0;23700.0;20000.0;17599.05;3653185.48;18265.93;12177.28
cinco_ate_o_fim;132;11;5;43700.0;23700.0;20000.0;17782.07;3690967.55;18454.84;12303.23
cinco_ate_o_fim;133;12;5;43700.0;23700.0;20000.0;17965.97;3728933.52;18644.67;12429.78
cinco_ate_o_fim;134;12;5;43700.0;23700.0;20000.0;18150.77;3767084.29;18835.42;12556.95
cinco_ate_o_fim;135;12;5;43700.0;23700.0;20000.0;18336.47;3805420.76;19027.1;12684.74
cinco_ate_o_fim;136;12;5;43700.0;23700.0;20000.0;18523.08;3843943.84;19219.72;12813.15
cinco_ate_o_fim;137;12;5;43700.0;23700.0;20000.0;18710.59;3882654.43;19413.27;12942.18
cinco_ate_o_fim;138;12;5;43700.0;23700.0;20000.0;18899.02;3921553.45;19607.77;13071.84
cinco_ate_o_fim;139;12;5;43700.0;23700.0;20000.0;19088.36;3960641.81;19803.21;13202.14
cinco_ate_o_fim;140;12;5;43700.0;23700.0;20000.0;19278.62;3999920.43;19999.6;13333.07
cinco_ate_o_fim;141;12;5;43700.0;23700.0;20000.0;19469.81;4039390.25;20196.95;13464.63
cinco_ate_o_fim;142;12;5;43700.0;23700.0;20000.0;19661.94;4079052.18;20395.26;13596.84
cinco_ate_o_fim;143;12;5;43700.0;23700.0;20000.0;19854.99;4118907.18;20594.54;13729.69
cinco_ate_o_fim;144;12;5;43700.0;23700.0;20000.0;20048.99;4158956.17;20794.78;13863.19
cinco_ate_o_fim;145;13;5;43700.0;23700.0;20000.0;20243.93;4199200.1;20996.0;13997.33
cinco_ate_o_fim;146;13;5;43700.0;23700.0;20000.0;20439.82;4239639.91;21198.2;14132.13
cinco_ate_o_fim;147;13;5;43700.0;23700.0;20000.0;20636.66;4280276.58;21401.38;14267.59
cinco_ate_o_fim;148;13;5;43700.0;23700.0;20000.0;20834.46;4321111.04;21605.56;14403.7
cinco_ate_o_fim;149;13;5;43700.0;23700.0;20000.0;21033.23;4362144.26;21810.72;14540.48
cinco_ate_o_fim;150;13;5;43700.0;23700.0;20000.0;21232.96;4403377.22;22016.89;14677.92
cinco_ate_o_fim;151;13;5;43700.0;23700.0;20000.0;21433.66;4444810.88;22224.05;14816.04
cinco_ate_o_fim;152;13;5;43700.0;23700.0;20000.0;21635.34;4486446.23;22432.23;14954.82
cinco_ate_o_fim;153;13;5;43700.0;23700.0;20000.0;21838.0;4528284.23;22641.42;15094.28
cinco_ate_o_fim;154;13;5;43700.0;23700.0;20000.0;22041.65;4570325.88;22851.63;15234.42
cinco_ate_o_fim;155;13;5;43700.0;23700.0;20000.0;22246.29;4612572.17;23062.86;15375.24
cinco_ate_o_fim;156;13;5;43700.0;23700.0;20000.0;22451.93;4655024.1;23275.12;15516.75
cinco_ate_o_fim;157;14;5;43700.0;23700.0;20000.0;22658.57;4697682.67;23488.41;15658.94
cinco_ate_o_fim;158;14;5;43700.0;23700.0;20000.0;22866.21;4740548.88;23702.74;15801.83
cinco_ate_o_fim;159;14;5;43700.0;23700.0;20000.0;23074.86;4783623.74;23918.12;15945.41
cinco_ate_o_fim;160;14;5;43700.0;23700.0;20000.0;23284.53;4826908.27;24134.54;16089.69
cinco_ate_o_fim;161;14;5;43700.0;23700.0;20000.0;23495.22;4870403.49;24352.02;16234.68
cinco_ate_o_fim;162;14;5;43700.0;23700.0;20000.0;23706.94;4914110.42;24570.55;16380.37
cinco_ate_o_fim;163;14;5;43700.0;23700.0;20000.0;23919.68;4958030.1;24790.15;16526.77
cinco_ate_o_fim;164;14;5;43700.0;23700.0;20000.0;24133.46;5002163.57;25010.82;16673.88
cinco_ate_o_fim;165;14;5;43700.0;23700.0;20000.0;24348.28;5046511.85;25232.56;16821.71
cinco_ate_o_fim;166;14;5;43700.0;23700.0;20000.0;24564.15;5091076.0;25455.38;16970.25
cinco_ate_o_fim;167;14;5;43700.0;23700.0;20000.0;24781.07;5135857.07;25679.29;17119.52
cinco_ate_o_fim;168;14;5;43700.0;23700.0;20000.0;24999.04;5180856.12;25904.28;17269.52
cinco_ate_o_fim;169;15;5;43700.0;23700.0;20000.0;25218.08;5226074.19;26130.37;17420.25
cinco_ate_o_fim;170;15;5;43700.0;23700.0;20000.0;25438.18;5271512.38;26357.56;17571.71
cinco_ate_o_fim;171;15;5;43700.0;23700.0;20000.0;25659.35;5317171.73;26585.86;17723.91
cinco_ate_o_fim;172;15;5;43700.0;23700.0;20000.0;25881.6;5363053.33;26815.27;17876.84
cinco_ate_o_fim;173;15;5;43700.0;23700.0;20000.0;26104.93;5409158.26;27045.79;18030.53
cinco_ate_o_fim;174;15;5;43700.0;23700.0;20000.0;26329.35;5455487.62;27277.44;18184.96
cinco_ate_o_fim;175;15;5;43700.0;23700.0;20000.0;26554.86;5502042.48;27510.21;18340.14
cinco_ate_o_fim;176;15;5;43700.0;23700.0;20000.0;26781.47;5548823.95;27744.12;18496.08
cinco_ate_o_fim;177;15;5;43700.0;23700.0;20000.0;27009.18;5595833.13;27979.17;18652.78
cinco_ate_o_fim;178;15;5;43700.0;23700.0;20000.0;27238.0;5643071.13;28215.36;18810.24
cinco_ate_o_fim;179;15;5;43700.0;23700.0;20000.0;27467.93;5690539.06;28452.7;18968.46
cinco_ate_o_fim;180;15;5;43700.0;23700.0;20000.0;27698.99;5738238.05;28691.19;19127.46
cinco_ate_o_fim;181;16;5;43700.0;23700.0;20000.0;27931.16;5786169.21;28930.85;19287.23
cinco_ate_o_fim;182;16;5;43700.0;23700.0;20000.0;28164.47;5834333.68;29171.67;19447.78
cinco_ate_o_fim;183;16;5;43700.0;23700.0;20000.0;28398.91;5882732.6;29413.66;19609.11
cinco_ate_o_fim;184;16;5;43700.0;23700.0;20000.0;28634.5;5931367.1;29656.84;19771.22
cinco_ate_o_fim;185;16;5;43700.0;23700.0;20000.0;28871.23;5980238.33;29901.19;19934.13
cinco_ate_o_fim;186;16;5;43700.0;23700.0;20000.0;29109.11;6029347.44;30146.74;20097.82
cinco_ate_o_fim;187;16;5;43700.0;23700.0;20000.0;29348.15;6078695.59;30393.48;20262.32
cinco_ate_o_fim;188;16;5;43700.0;23700.0;20000.0;29588.36;6128283.95;30641.42;20427.61
cinco_ate_o_fim;189;16;5;43700.0;23700.0;20000.0;29829.73;6178113.68;30890.57;20593.71
cinco_ate_o_fim;190;16;5;43700.0;23700.0;20000.0;30072.28;6228185.96;31140.93;20760.62
cinco_ate_o_fim;191;16;5;43700.0;23700.0;20000.0;30316.01;6278501.97;31392.51;20928.34
cinco_ate_o_fim;192;16;5;43700.0;23700.0;20000.0;30560.93;6329062.9;31645.31;21096.88
cinco_ate_o_fim;193;17;5;43700.0;23700.0;20000.0;30807.03;6379869.93;31899.35;21266.23
cinco_ate_o_fim;194;17;5;43700.0;23700.0;20000.0;31054.34;6430924.27;32154.62;21436.41
cinco_ate_o_fim;195;17;5;43700.0;23700.0;20000.0;31302.85;6482227.12;32411.14;21607.42
cinco_ate_o_fim;196;17;5;43700.0;23700.0;20000.0;31552.57;6533779.69;32668.9;21779.27
cinco_ate_o_fim;197;17;5;43700.0;23700.0;20000.0;31803.5;6585583.19;32927.92;21951.94
cinco_ate_o_fim;198;17;5;43700.0;23700.0;20000.0;32055.66;6637638.85;33188.19;22125.46
cinco_ate_o_fim;199;17;5;43700.0;23700.0;20000.0;32309.04;6689947.89;33449.74;22299.83
cinco_ate_o_fim;200;17;5;43700.0;23700.0;20000.0;32563.66;6742511.55;33712.56;22475.04
cinco_ate_o_fim;201;17;5;43700.0;23700.0;20000.0;32819.52;6795331.07;33976.66;22651.1
cinco_ate_o_fim;202;17;5;43700.0;23700.0;20000.0;33076.62;6848407.69;34242.04;22828.03
cinco_ate_o_fim;203;17;5;43700.0;23700.0;20000.0;33334.97;6901742.66;34508.71;23005.81
cinco_ate_o_fim;204;17;5;43700.0;23700.0;20000.0;33594.58;6955337.24;34776.69;23184.46
cinco_ate_o_fim;205;18;5;43700.0;23700.0;20000.0;33855.46;7009192.7;35045.96;23363.98
cinco_ate_o_fim;206;18;5;43700.0;23700.0;20000.0;34117.6;7063310.3;35316.55;23544.37
cinco_ate_o_fim;207;18;5;43700.0;23700.0;20000.0;34381.02;7117691.32;35588.46;23725.64
cinco_ate_o_fim;208;18;5;43700.0;23700.0;20000.0;34645.72;7172337.04;35861.69;23907.79
cinco_ate_o_fim;209;18;5;43700.0;23700.0;20000.0;34911.71;7227248.75;36136.24;24090.83
cinco_ate_o_fim;210;18;5;43700.0;23700.0;20000.0;35179.0;7282427.75;36412.14;24274.76
cinco_ate_o_fim;211;18;5;43700.0;23700.0;20000.0;35447.59;7337875.34;36689.38;24459.58
cinco_ate_o_fim;212;18;5;43700.0;23700.0;20000.0;35717.48;7393592.81;36967.96;24645.31
cinco_ate_o_fim;213;18;5;43700.0;23700.0;20000.0;35988.69;7449581.5;37247.91;24831.94
cinco_ate_o_fim;214;18;5;43700.0;23700.0;20000.0;36261.21;7505842.72;37529.21;25019.48
cinco_ate_o_fim;215;18;5;43700.0;23700.0;20000.0;36535.07;7562377.79;37811.89;25207.93
cinco_ate_o_fim;216;18;5;43700.0;23700.0;20000.0;36810.26;7619188.04;38095.94;25397.29
cinco_ate_o_fim;217;19;5;43700.0;23700.0;20000.0;37086.78;7676274.82;38381.37;25587.58
cinco_ate_o_fim;218;19;5;43700.0;23700.0;20000.0;37364.66;7733639.48;38668.2;25778.8
cinco_ate_o_fim;219;19;5;43700.0;23700.0;20000.0;37643.88;7791283.36;38956.42;25970.94
cinco_ate_o_fim;220;19;5;43700.0;23700.0;20000.0;37924.47;7849207.83;39246.04;26164.03
cinco_ate_o_fim;221;19;5;43700.0;23700.0;20000.0;38206.42;7907414.24;39537.07;26358.05
cinco_ate_o_fim;222;19;5;43700.0;23700.0;20000.0;38489.74;7965903.98;39829.52;26553.01
cinco_ate_o_fim;223;19;5;43700.0;23700.0;20000.0;38774.44;8024678.42;40123.39;26748.93
cinco_ate_o_fim;224;19;5;43700.0;23700.0;20000.0;39060.53;8083738.95;40418.69;26945.8
cinco_ate_o_fim;225;19;5;43700.0;23700.0;20000.0;39348.01;8143086.96;40715.43;27143.62
cinco_ate_o_fim;226;19;5;43700.0;23700.0;20000.0;39636.89;8202723.85;41013.62;27342.41
cinco_ate_o_fim;227;19;5;43700.0;23700.0;20000.0;39927.17;8262651.02;41313.26;27542.17
cinco_ate_o_fim;228;19;5;43700.0;23700.0;20000.0;40218.87;8322869.89;41614.35;27742.9
cinco_ate_o_fim;229;20;5;43700.0;23700.0;20000.0;40511.99;8383381.88;41916.91;27944.61
cinco_ate_o_fim;230;20;5;43700.0;23700.0;20000.0;40806.54;8444188.42;42220.94;28147.29
cinco_ate_o_fim;231;20;5;43700.0;23700.0;20000.0;41102.51;8505290.93;42526.45;28350.97
cinco_ate_o_fim;232;20;5;43700.0;23700.0;20000.0;41399.93;8566690.86;42833.45;28555.64
cinco_ate_o_fim;233;20;5;43700.0;23700.0;20000.0;41698.8;8628389.66;43141.95;28761.3
cinco_ate_o_fim;234;20;5;43700.0;23700.0;20000.0;41999.12;8690388.79;43451.94;28967.96
cinco_ate_o_fim;235;20;5;43700.0;23700.0;20000.0;42300.91;8752689.69;43763.45;29175.63
cinco_ate_o_fim;236;20;5;43700.0;23700.0;20000.0;42604.16;8815293.85;44076.47;29384.31
cinco_ate_o_fim;237;20;5;43700.0;23700.0;20000.0;42908.89;8878202.74;44391.01;29594.01
cinco_ate_o_fim;238;20;5;43700.0;23700.0;20000.0;43215.1;8941417.84;44707.09;29804.73
cinco_ate_o_fim;239;20;5;43700.0;23700.0;20000.0;43522.8;9004940.65;45024.7;30016.47
cinco_ate_o_fim;240;20;5;43700.0;23700.0;20000.0;43832.0;9068772.65;45343.86;30229.24
so_tres_diurnos;1;1;3;24150.0;23700.0;450.0;0.0;450.0;2.25;1.5
so_tres_diurnos;2;1;3;24150.0;23700.0;450.0;2.19;902.19;4.51;3.01
so_tres_diurnos;3;1;3;24150.0;23700.0;450.0;4.39;1356.58;6.78;4.52
so_tres_diurnos;4;1;3;24150.0;23700.0;450.0;6.6;1813.19;9.07;6.04
so_tres_diurnos;5;1;3;24150.0;23700.0;450.0;8.83;2272.01;11.36;7.57
so_tres_diurnos;6;1;3;24150.0;23700.0;450.0;11.06;2733.07;13.67;9.11
so_tres_diurnos;7;1;3;24150.0;23700.0;450.0;13.3;3196.37;15.98;10.65
so_tres_diurnos;8;1;3;24150.0;23700.0;450.0;15.56;3661.93;18.31;12.21
so_tres_diurnos;9;1;3;24150.0;23700.0;450.0;17.82;4129.76;20.65;13.77
so_tres_diurnos;10;1;3;24150.0;23700.0;450.0;20.1;4599.86;23.0;15.33
so_tres_diurnos;11;1;3;24150.0;23700.0;450.0;22.39;5072.25;25.36;16.91
so_tres_diurnos;12;1;3;24150.0;23700.0;450.0;24.69;5546.94;27.73;18.49
so_tres_diurnos;13;2;3;24150.0;23700.0;450.0;27.0;6023.94;30.12;20.08
so_tres_diurnos;14;2;3;24150.0;23700.0;450.0;29.32;6503.26;32.52;21.68
so_tres_diurnos;15;2;3;24150.0;23700.0;450.0;31.65;6984.91;34.92;23.28
so_tres_diurnos;16;2;3;24150.0;23700.0;450.0;34.0;7468.91;37.34;24.9
so_tres_diurnos;17;2;3;24150.0;23700.0;450.0;36.36;7955.27;39.78;26.52
so_tres_diurnos;18;2;3;24150.0;23700.0;450.0;38.72;8443.99;42.22;28.15
so_tres_diurnos;19;2;3;24150.0;23700.0;450.0;41.1;8935.09;44.68;29.78
so_tres_diurnos;20;2;3;24150.0;23700.0;450.0;43.49;9428.59;47.14;31.43
so_tres_diurnos;21;2;3;24150.0;23700.0;450.0;45.89;9924.48;49.62;33.08
so_tres_diurnos;22;2;3;24150.0;23700.0;450.0;48.31;10422.79;52.11;34.74
so_tres_diurnos;23;2;3;24150.0;23700.0;450.0;50.73;10923.52;54.62;36.41
so_tres_diurnos;24;2;3;24150.0;23700.0;450.0;53.17;11426.69;57.13;38.09
so_tres_diurnos;25;3;3;24150.0;23700.0;450.0;55.62;11932.31;59.66;39.77
so_tres_diurnos;26;3;3;24150.0;23700.0;450.0;58.08;12440.39;62.2;41.47
so_tres_diurnos;27;3;3;24150.0;23700.0;450.0;60.55;12950.95;64.75;43.17
so_tres_diurnos;28;3;3;24150.0;23700.0;450.0;63.04;13463.99;67.32;44.88
so_tres_diurnos;29;3;3;24150.0;23700.0;450.0;65.54;13979.52;69.9;46.6
so_tres_diurnos;30;3;3;24150.0;23700.0;450.0;68.05;14497.57;72.49;48.33
so_tres_diurnos;31;3;3;24150.0;23700.0;450.0;70.57;15018.14;75.09;50.06
so_tres_diurnos;32;3;3;24150.0;23700.0;450.0;73.1;15541.24;77.71;51.8
so_tres_diurnos;33;3;3;24150.0;23700.0;450.0;75.65;16066.89;80.33;53.56
so_tres_diurnos;34;3;3;24150.0;23700.0;450.0;78.21;16595.09;82.98;55.32
so_tres_diurnos;35;3;3;24150.0;23700.0;450.0;80.78;17125.87;85.63;57.09
so_tres_diurnos;36;3;3;24150.0;23700.0;450.0;83.36;17659.23;88.3;58.86
so_tres_diurnos;37;4;3;24150.0;23700.0;450.0;85.96;18195.19;90.98;60.65
so_tres_diurnos;38;4;3;24150.0;23700.0;450.0;88.57;18733.75;93.67;62.45
so_tres_diurnos;39;4;3;24150.0;23700.0;450.0;91.19;19274.94;96.37;64.25
so_tres_diurnos;40;4;3;24150.0;23700.0;450.0;93.82;19818.76;99.09;66.06
so_tres_diurnos;41;4;3;24150.0;23700.0;450.0;96.47;20365.23;101.83;67.88
so_tres_diurnos;42;4;3;24150.0;23700.0;450.0;99.13;20914.36;104.57;69.71
so_tres_diurnos;43;4;3;24150.0;23700.0;450.0;101.8;21466.16;107.33;71.55
so_tres_diurnos;44;4;3;24150.0;23700.0;450.0;104.49;22020.65;110.1;73.4
so_tres_diurnos;45;4;3;24150.0;23700.0;450.0;107.19;22577.84;112.89;75.26
so_tres_diurnos;46;4;3;24150.0;23700.0;450.0;109.9;23137.74;115.69;77.13
so_tres_diurnos;47;4;3;24150.0;23700.0;450.0;112.62;23700.36;118.5;79.0
so_tres_diurnos;48;4;3;24150.0;23700.0;450.0;115.36;24265.72;121.33;80.89
so_tres_diurnos;49;5;3;24150.0;23700.0;450.0;118.11;24833.84;124.17;82.78
so_tres_diurnos;50;5;3;24150.0;23700.0;450.0;120.88;25404.72;127.02;84.68
so_tres_diurnos;51;5;3;24150.0;23700.0;450.0;123.66;25978.38;129.89;86.59
so_tres_diurnos;52;5;3;24150.0;23700.0;450.0;126.45;26554.83;132.77;88.52
so_tres_diurnos;53;5;3;24150.0;23700.0;450.0;129.26;27134.08;135.67;90.45
so_tres_diurnos;54;5;3;24150.0;23700.0;450.0;132.08;27716.16;138.58;92.39
so_tres_diurnos;55;5;3;24150.0;23700.0;450.0;134.91;28301.07;141.51;94.34
so_tres_diurnos;56;5;3;24150.0;23700.0;450.0;137.76;28888.83;144.44;96.3
so_tres_diurnos;57;5;3;24150.0;23700.0;450.0;140.62;29479.45;147.4;98.26
so_tres_diurnos;58;5;3;24150.0;23700.0;450.0;143.49;30072.94;150.36;100.24
so_tres_diurnos;59;5;3;24150.0;23700.0;450.0;146.38;30669.32;153.35;102.23
so_tres_diurnos;60;5;3;24150.0;23700.0;450.0;149.28;31268.6;156.34;104.23
so_tres_diurnos;61;6;3;24150.0;23700.0;450.0;152.2;31870.81;159.35;106.24
so_tres_diurnos;62;6;3;24150.0;23700.0;450.0;155.13;32475.94;162.38;108.25
so_tres_diurnos;63;6;3;24150.0;23700.0;450.0;158.08;33084.02;165.42;110.28
so_tres_diurnos;64;6;3;24150.0;23700.0;450.0;161.04;33695.05;168.48;112.32
so_tres_diurnos;65;6;3;24150.0;23700.0;450.0;164.01;34309.07;171.55;114.36
so_tres_diurnos;66;6;3;24150.0;23700.0;450.0;167.0;34926.07;174.63;116.42
so_tres_diurnos;67;6;3;24150.0;23700.0;450.0;170.0;35546.07;177.73;118.49
so_tres_diurnos;68;6;3;24150.0;23700.0;450.0;173.02;36169.09;180.85;120.56
so_tres_diurnos;69;6;3;24150.0;23700.0;450.0;176.05;36795.15;183.98;122.65
so_tres_diurnos;70;6;3;24150.0;23700.0;450.0;179.1;37424.25;187.12;124.75
so_tres_diurnos;71;6;3;24150.0;23700.0;450.0;182.16;38056.42;190.28;126.85
so_tres_diurnos;72;6;3;24150.0;23700.0;450.0;185.24;38691.66;193.46;128.97
so_tres_diurnos;73;7;3;24150.0;23700.0;450.0;188.33;39329.99;196.65;131.1
so_tres_diurnos;74;7;3;24150.0;23700.0;450.0;191.44;39971.43;199.86;133.24
so_tres_diurnos;75;7;3;24150.0;23700.0;450.0;194.56;40616.0;203.08;135.39
so_tres_diurnos;76;7;3;24150.0;23700.0;450.0;197.7;41263.7;206.32;137.55
so_tres_diurnos;77;7;3;24150.0;23700.0;450.0;200.85;41914.55;209.57;139.72
so_tres_diurnos;78;7;3;24150.0;23700.0;450.0;204.02;42568.57;212.84;141.9
so_tres_diurnos;79;7;3;24150.0;23700.0;450.0;207.2;43225.77;216.13;144.09
so_tres_diurnos;80;7;3;24150.0;23700.0;450.0;210.4;43886.18;219.43;146.29
so_tres_diurnos;81;7;3;24150.0;23700.0;450.0;213.62;44549.8;222.75;148.5
so_tres_diurnos;82;7;3;24150.0;23700.0;450.0;216.85;45216.64;226.08;150.72
so_tres_diurnos;83;7;3;24150.0;23700.0;450.0;220.09;45886.74;229.43;152.96
so_tres_diurnos;84;7;3;24150.0;23700.0;450.0;223.36;46560.09;232.8;155.2
so_tres_diurnos;85;8;3;24150.0;23700.0;450.0;226.63;47236.73;236.18;157.46
so_tres_diurnos;86;8;3;24150.0;23700.0;450.0;229.93;47916.66;239.58;159.72
so_tres_diurnos;87;8;3;24150.0;23700.0;450.0;233.24;48599.89;243.0;162.0
so_tres_diurnos;88;8;3;24150.0;23700.0;450.0;236.56;49286.45;246.43;164.29
so_tres_diurnos;89;8;3;24150.0;23700.0;450.0;239.9;49976.36;249.88;166.59
so_tres_diurnos;90;8;3;24150.0;23700.0;450.0;243.26;50669.62;253.35;168.9
so_tres_diurnos;91;8;3;24150.0;23700.0;450.0;246.64;51366.26;256.83;171.22
so_tres_diurnos;92;8;3;24150.0;23700.0;450.0;250.03;52066.29;260.33;173.55
so_tres_diurnos;93;8;3;24150.0;23700.0;450.0;253.44;52769.72;263.85;175.9
so_tres_diurnos;94;8;3;24150.0;23700.0;450.0;256.86;53476.58;267.38;178.26
so_tres_diurnos;95;8;3;24150.0;23700.0;450.0;260.3;54186.88;270.93;180.62
so_tres_diurnos;96;8;3;24150.0;23700.0;450.0;263.76;54900.64;274.5;183.0
so_tres_diurnos;97;9;3;24150.0;23700.0;450.0;267.23;55617.87;278.09;185.39
so_tres_diurnos;98;9;3;24150.0;23700.0;450.0;270.72;56338.59;281.69;187.8
so_tres_diurnos;99;9;3;24150.0;23700.0;450.0;274.23;57062.82;285.31;190.21
so_tres_diurnos;100;9;3;24150.0;23700.0;450.0;277.76;57790.58;288.95;192.64
so_tres_diurnos;101;9;3;24150.0;23700.0;450.0;281.3;58521.88;292.61;195.07
so_tres_diurnos;102;9;3;24150.0;23700.0;450.0;284.86;59256.74;296.28;197.52
so_tres_diurnos;103;9;3;24150.0;23700.0;450.0;288.44;59995.17;299.98;199.98
so_tres_diurnos;104;9;3;24150.0;23700.0;450.0;292.03;60737.2;303.69;202.46
so_tres_diurnos;105;9;3;24150.0;23700.0;450.0;295.64;61482.84;307.41;204.94
so_tres_diurnos;106;9;3;24150.0;23700.0;450.0;299.27;62232.11;311.16;207.44
so_tres_diurnos;107;9;3;24150.0;23700.0;450.0;302.92;62985.03;314.93;209.95
so_tres_diurnos;108;9;3;24150.0;23700.0;450.0;306.58;63741.61;318.71;212.47
so_tres_diurnos;109;10;3;24150.0;23700.0;450.0;310.27;64501.88;322.51;215.01
so_tres_diurnos;110;10;3;24150.0;23700.0;450.0;313.97;65265.85;326.33;217.55
so_tres_diurnos;111;10;3;24150.0;23700.0;450.0;317.68;66033.53;330.17;220.11
so_tres_diurnos;112;10;3;24150.0;23700.0;450.0;321.42;66804.95;334.02;222.68
so_tres_diurnos;113;10;3;24150.0;23700.0;450.0;325.18;67580.13;337.9;225.27
so_tres_diurnos;114;10;3;24150.0;23700.0;450.0;328.95;68359.08;341.8;227.86
so_tres_diurnos;115;10;3;24150.0;23700.0;450.0;332.74;69141.82;345.71;230.47
so_tres_diurnos;116;10;3;24150.0;23700.0;450.0;336.55;69928.37;349.64;233.09
so_tres_diurnos;117;10;3;24150.0;23700.0;450.0;340.38;70718.75;353.59;235.73
so_tres_diurnos;118;10;3;24150.0;23700.0;450.0;344.23;71512.98;357.56;238.38
so_tres_diurnos;119;10;3;24150.0;23700.0;450.0;348.09;72311.07;361.56;241.04
so_tres_diurnos;120;10;3;24150.0;23700.0;450.0;351.98;73113.05;365.57;243.71
so_tres_diurnos;121;11;3;24150.0;23700.0;450.0;355.88;73918.93;369.59;246.4
so_tres_diurnos;122;11;3;24150.0;23700.0;450.0;359.8;74728.73;373.64;249.1
so_tres_diurnos;123;11;3;24150.0;23700.0;450.0;363.75;75542.48;377.71;251.81
so_tres_diurnos;124;11;3;24150.0;23700.0;450.0;367.71;76360.19;381.8;254.53
so_tres_diurnos;125;11;3;24150.0;23700.0;450.0;371.69;77181.87;385.91;257.27
so_tres_diurnos;126;11;3;24150.0;23700.0;450.0;375.69;78007.56;390.04;260.03
so_tres_diurnos;127;11;3;24150.0;23700.0;450.0;379.71;78837.27;394.19;262.79
so_tres_diurnos;128;11;3;24150.0;23700.0;450.0;383.74;79671.01;398.36;265.57
so_tres_diurnos;129;11;3;24150.0;23700.0;450.0;387.8;80508.81;402.54;268.36
so_tres_diurnos;130;11;3;24150.0;23700.0;450.0;391.88;81350.69;406.75;271.17
so_tres_diurnos;131;11;3;24150.0;23700.0;450.0;395.98;82196.67;410.98;273.99
so_tres_diurnos;132;11;3;24150.0;23700.0;450.0;400.1;83046.77;415.23;276.82
so_tres_diurnos;133;12;3;24150.0;23700.0;450.0;404.23;83901.0;419.51;279.67
so_tres_diurnos;134;12;3;24150.0;23700.0;450.0;408.39;84759.4;423.8;282.53
so_tres_diurnos;135;12;3;24150.0;23700.0;450.0;412.57;85621.97;428.11;285.41
so_tres_diurnos;136;12;3;24150.0;23700.0;450.0;416.77;86488.74;432.44;288.3
so_tres_diurnos;137;12;3;24150.0;23700.0;450.0;420.99;87359.72;436.8;291.2
so_tres_diurnos;138;12;3;24150.0;23700.0;450.0;425.23;88234.95;441.17;294.12
so_tres_diurnos;139;12;3;24150.0;23700.0;450.0;429.49;89114.44;445.57;297.05
so_tres_diurnos;140;12;3;24150.0;23700.0;450.0;433.77;89998.21;449.99;299.99
so_tres_diurnos;141;12;3;24150.0;23700.0;450.0;438.07;90886.28;454.43;302.95
so_tres_diurnos;142;12;3;24150.0;23700.0;450.0;442.39;91778.67;458.89;305.93
so_tres_diurnos;143;12;3;24150.0;23700.0;450.0;446.74;92675.41;463.38;308.92
so_tres_diurnos;144;12;3;24150.0;23700.0;450.0;451.1;93576.51;467.88;311.92
so_tres_diurnos;145;13;3;24150.0;23700.0;450.0;455.49;94482.0;472.41;314.94
so_tres_diurnos;146;13;3;24150.0;23700.0;450.0;459.9;95391.9;476.96;317.97
so_tres_diurnos;147;13;3;24150.0;23700.0;450.0;464.32;96306.22;481.53;321.02
so_tres_diurnos;148;13;3;24150.0;23700.0;450.0;468.78;97225.0;486.12;324.08
so_tres_diurnos;149;13;3;24150.0;23700.0;450.0;473.25;98148.25;490.74;327.16
so_tres_diurnos;150;13;3;24150.0;23700.0;450.0;477.74;99075.99;495.38;330.25
so_tres_diurnos;151;13;3;24150.0;23700.0;450.0;482.26;100008.24;500.04;333.36
so_tres_diurnos;152;13;3;24150.0;23700.0;450.0;486.8;100945.04;504.73;336.48
so_tres_diurnos;153;13;3;24150.0;23700.0;450.0;491.36;101886.4;509.43;339.62
so_tres_diurnos;154;13;3;24150.0;23700.0;450.0;495.94;102832.33;514.16;342.77
so_tres_diurnos;155;13;3;24150.0;23700.0;450.0;500.54;103782.87;518.91;345.94
so_tres_diurnos;156;13;3;24150.0;23700.0;450.0;505.17;104738.04;523.69;349.13
so_tres_diurnos;157;14;3;24150.0;23700.0;450.0;509.82;105697.86;528.49;352.33
so_tres_diurnos;158;14;3;24150.0;23700.0;450.0;514.49;106662.35;533.31;355.54
so_tres_diurnos;159;14;3;24150.0;23700.0;450.0;519.18;107631.53;538.16;358.77
so_tres_diurnos;160;14;3;24150.0;23700.0;450.0;523.9;108605.44;543.03;362.02
so_tres_diurnos;161;14;3;24150.0;23700.0;450.0;528.64;109584.08;547.92;365.28
so_tres_diurnos;162;14;3;24150.0;23700.0;450.0;533.41;110567.48;552.84;368.56
so_tres_diurnos;163;14;3;24150.0;23700.0;450.0;538.19;111555.68;557.78;371.85
so_tres_diurnos;164;14;3;24150.0;23700.0;450.0;543.0;112548.68;562.74;375.16
so_tres_diurnos;165;14;3;24150.0;23700.0;450.0;547.84;113546.52;567.73;378.49
so_tres_diurnos;166;14;3;24150.0;23700.0;450.0;552.69;114549.21;572.75;381.83
so_tres_diurnos;167;14;3;24150.0;23700.0;450.0;557.57;115556.78;577.78;385.19
so_tres_diurnos;168;14;3;24150.0;23700.0;450.0;562.48;116569.26;582.85;388.56
so_tres_diurnos;169;15;3;24150.0;23700.0;450.0;567.41;117586.67;587.93;391.96
so_tres_diurnos;170;15;3;24150.0;23700.0;450.0;572.36;118609.03;593.05;395.36
so_tres_diurnos;171;15;3;24150.0;23700.0;450.0;577.34;119636.36;598.18;398.79
so_tres_diurnos;172;15;3;24150.0;23700.0;450.0;582.34;120668.7;603.34;402.23
so_tres_diurnos;173;15;3;24150.0;23700.0;450.0;587.36;121706.06;608.53;405.69
so_tres_diurnos;174;15;3;24150.0;23700.0;450.0;592.41;122748.47;613.74;409.16
so_tres_diurnos;175;15;3;24150.0;23700.0;450.0;597.48;123795.96;618.98;412.65
so_tres_diurnos;176;15;3;24150.0;23700.0;450.0;602.58;124848.54;624.24;416.16
so_tres_diurnos;177;15;3;24150.0;23700.0;450.0;607.71;125906.25;629.53;419.69
so_tres_diurnos;178;15;3;24150.0;23700.0;450.0;612.86;126969.1;634.85;423.23
so_tres_diurnos;179;15;3;24150.0;23700.0;450.0;618.03;128037.13;640.19;426.79
so_tres_diurnos;180;15;3;24150.0;23700.0;450.0;623.23;129110.36;645.55;430.37
so_tres_diurnos;181;16;3;24150.0;23700.0;450.0;628.45;130188.81;650.94;433.96
so_tres_diurnos;182;16;3;24150.0;23700.0;450.0;633.7;131272.51;656.36;437.58
so_tres_diurnos;183;16;3;24150.0;23700.0;450.0;638.98;132361.48;661.81;441.2
so_tres_diurnos;184;16;3;24150.0;23700.0;450.0;644.28;133455.76;667.28;444.85
so_tres_diurnos;185;16;3;24150.0;23700.0;450.0;649.6;134555.36;672.78;448.52
so_tres_diurnos;186;16;3;24150.0;23700.0;450.0;654.96;135660.32;678.3;452.2
so_tres_diurnos;187;16;3;24150.0;23700.0;450.0;660.33;136770.65;683.85;455.9
so_tres_diurnos;188;16;3;24150.0;23700.0;450.0;665.74;137886.39;689.43;459.62
so_tres_diurnos;189;16;3;24150.0;23700.0;450.0;671.17;139007.56;695.04;463.36
so_tres_diurnos;190;16;3;24150.0;23700.0;450.0;676.63;140134.18;700.67;467.11
so_tres_diurnos;191;16;3;24150.0;23700.0;450.0;682.11;141266.29;706.33;470.89
so_tres_diurnos;192;16;3;24150.0;23700.0;450.0;687.62;142403.92;712.02;474.68
so_tres_diurnos;193;17;3;24150.0;23700.0;450.0;693.16;143547.07;717.74;478.49
so_tres_diurnos;194;17;3;24150.0;23700.0;450.0;698.72;144695.8;723.48;482.32
so_tres_diurnos;195;17;3;24150.0;23700.0;450.0;704.31;145850.11;729.25;486.17
so_tres_diurnos;196;17;3;24150.0;23700.0;450.0;709.93;147010.04;735.05;490.03
so_tres_diurnos;197;17;3;24150.0;23700.0;450.0;715.58;148175.62;740.88;493.92
so_tres_diurnos;198;17;3;24150.0;23700.0;450.0;721.25;149346.87;746.73;497.82
so_tres_diurnos;199;17;3;24150.0;23700.0;450.0;726.95;150523.83;752.62;501.75
so_tres_diurnos;200;17;3;24150.0;23700.0;450.0;732.68;151706.51;758.53;505.69
so_tres_diurnos;201;17;3;24150.0;23700.0;450.0;738.44;152894.95;764.47;509.65
so_tres_diurnos;202;17;3;24150.0;23700.0;450.0;744.22;154089.17;770.45;513.63
so_tres_diurnos;203;17;3;24150.0;23700.0;450.0;750.04;155289.21;776.45;517.63
so_tres_diurnos;204;17;3;24150.0;23700.0;450.0;755.88;156495.09;782.48;521.65
so_tres_diurnos;205;18;3;24150.0;23700.0;450.0;761.75;157706.84;788.53;525.69
so_tres_diurnos;206;18;3;24150.0;23700.0;450.0;767.65;158924.48;794.62;529.75
so_tres_diurnos;207;18;3;24150.0;23700.0;450.0;773.57;160148.05;800.74;533.83
so_tres_diurnos;208;18;3;24150.0;23700.0;450.0;779.53;161377.58;806.89;537.93
so_tres_diurnos;209;18;3;24150.0;23700.0;450.0;785.51;162613.1;813.07;542.04
so_tres_diurnos;210;18;3;24150.0;23700.0;450.0;791.53;163854.62;819.27;546.18
so_tres_diurnos;211;18;3;24150.0;23700.0;450.0;797.57;165102.2;825.51;550.34
so_tres_diurnos;212;18;3;24150.0;23700.0;450.0;803.64;166355.84;831.78;554.52
so_tres_diurnos;213;18;3;24150.0;23700.0;450.0;809.75;167615.58;838.08;558.72
so_tres_diurnos;214;18;3;24150.0;23700.0;450.0;815.88;168881.46;844.41;562.94
so_tres_diurnos;215;18;3;24150.0;23700.0;450.0;822.04;170153.5;850.77;567.18
so_tres_diurnos;216;18;3;24150.0;23700.0;450.0;828.23;171431.73;857.16;571.44
so_tres_diurnos;217;19;3;24150.0;23700.0;450.0;834.45;172716.18;863.58;575.72
so_tres_diurnos;218;19;3;24150.0;23700.0;450.0;840.7;174006.89;870.03;580.02
so_tres_diurnos;219;19;3;24150.0;23700.0;450.0;846.99;175303.88;876.52;584.35
so_tres_diurnos;220;19;3;24150.0;23700.0;450.0;853.3;176607.18;883.04;588.69
so_tres_diurnos;221;19;3;24150.0;23700.0;450.0;859.64;177916.82;889.58;593.06
so_tres_diurnos;222;19;3;24150.0;23700.0;450.0;866.02;179232.84;896.16;597.44
so_tres_diurnos;223;19;3;24150.0;23700.0;450.0;872.42;180555.26;902.78;601.85
so_tres_diurnos;224;19;3;24150.0;23700.0;450.0;878.86;181884.13;909.42;606.28
so_tres_diurnos;225;19;3;24150.0;23700.0;450.0;885.33;183219.46;916.1;610.73
so_tres_diurnos;226;19;3;24150.0;23700.0;450.0;891.83;184561.29;922.81;615.2
so_tres_diurnos;227;19;3;24150.0;23700.0;450.0;898.36;185909.65;929.55;619.7
so_tres_diurnos;228;19;3;24150.0;23700.0;450.0;904.92;187264.57;936.32;624.22
so_tres_diurnos;229;20;3;24150.0;23700.0;450.0;911.52;188626.09;943.13;628.75
so_tres_diurnos;230;20;3;24150.0;23700.0;450.0;918.15;189994.24;949.97;633.31
so_tres_diurnos;231;20;3;24150.0;23700.0;450.0;924.81;191369.05;956.85;637.9
so_tres_diurnos;232;20;3;24150.0;23700.0;450.0;931.5;192750.54;963.75;642.5
so_tres_diurnos;233;20;3;24150.0;23700.0;450.0;938.22;194138.77;970.69;647.13
so_tres_diurnos;234;20;3;24150.0;23700.0;450.0;944.98;195533.75;977.67;651.78
so_tres_diurnos;235;20;3;24150.0;23700.0;450.0;951.77;196935.52;984.68;656.45
so_tres_diurnos;236;20;3;24150.0;23700.0;450.0;958.59;198344.11;991.72;661.15
so_tres_diurnos;237;20;3;24150.0;23700.0;450.0;965.45;199759.56;998.8;665.87
so_tres_diurnos;238;20;3;24150.0;23700.0;450.0;972.34;201181.9;1005.91;670.61
so_tres_diurnos;239;20;3;24150.0;23700.0;450.0;979.26;202611.16;1013.06;675.37
so_tres_diurnos;240;20;3;24150.0;23700.0;450.0;986.22;204047.38;1020.24;680.16
larga_quando_carteira_pagar;1;1;5;43700.0;23700.0;20000.0;0.0;20000.0;100.0;66.67
larga_quando_carteira_pagar;2;1;5;43700.0;23700.0;20000.0;97.35;40097.35;200.49;133.66
larga_quando_carteira_pagar;3;1;5;43700.0;23700.0;20000.0;195.18;60292.53;301.46;200.98
larga_quando_carteira_pagar;4;1;5;43700.0;23700.0;20000.0;293.48;80586.0;402.93;268.62
larga_quando_carteira_pagar;5;1;5;43700.0;23700.0;20000.0;392.26;100978.26;504.89;336.59
larga_quando_carteira_pagar;6;1;5;43700.0;23700.0;20000.0;491.52;121469.78;607.35;404.9
larga_quando_carteira_pagar;7;1;5;43700.0;23700.0;20000.0;591.26;142061.04;710.31;473.54
larga_quando_carteira_pagar;8;1;5;43700.0;23700.0;20000.0;691.49;162752.53;813.76;542.51
larga_quando_carteira_pagar;9;1;5;43700.0;23700.0;20000.0;792.21;183544.73;917.72;611.82
larga_quando_carteira_pagar;10;1;5;43700.0;23700.0;20000.0;893.41;204438.15;1022.19;681.46
larga_quando_carteira_pagar;11;1;5;43700.0;23700.0;20000.0;995.11;225433.26;1127.17;751.44
larga_quando_carteira_pagar;12;1;5;43700.0;23700.0;20000.0;1097.31;246530.57;1232.65;821.77
larga_quando_carteira_pagar;13;2;5;43700.0;23700.0;20000.0;1200.0;267730.57;1338.65;892.44
larga_quando_carteira_pagar;14;2;5;43700.0;23700.0;20000.0;1303.19;289033.76;1445.17;963.45
larga_quando_carteira_pagar;15;2;5;43700.0;23700.0;20000.0;1406.89;310440.65;1552.2;1034.8
larga_quando_carteira_pagar;16;2;5;43700.0;23700.0;20000.0;1511.09;331951.73;1659.76;1106.51
larga_quando_carteira_pagar;17;2;5;43700.0;23700.0;20000.0;1615.79;353567.52;1767.84;1178.56
larga_quando_carteira_pagar;18;2;5;43700.0;23700.0;20000.0;1721.01;375288.53;1876.44;1250.96
larga_quando_carteira_pagar;19;2;5;43700.0;23700.0;20000.0;1826.74;397115.27;1985.58;1323.72
larga_quando_carteira_pagar;20;2;5;43700.0;23700.0;20000.0;1932.98;419048.25;2095.24;1396.83
larga_quando_carteira_pagar;21;2;5;43700.0;23700.0;20000.0;2039.74;441087.98;2205.44;1470.29
larga_quando_carteira_pagar;22;2;5;43700.0;23700.0;20000.0;2147.02;463235.0;2316.18;1544.12
larga_quando_carteira_pagar;23;2;5;43700.0;23700.0;20000.0;2254.82;485489.82;2427.45;1618.3
larga_quando_carteira_pagar;24;2;5;43700.0;23700.0;20000.0;2363.15;507852.97;2539.26;1692.84
larga_quando_carteira_pagar;25;3;5;43700.0;23700.0;20000.0;2472.0;530324.97;2651.62;1767.75
larga_quando_carteira_pagar;26;3;5;43700.0;23700.0;20000.0;2581.38;552906.35;2764.53;1843.02
larga_quando_carteira_pagar;27;3;5;43700.0;23700.0;20000.0;2691.3;575597.65;2877.99;1918.66
larga_quando_carteira_pagar;28;3;5;43700.0;23700.0;20000.0;2801.75;598399.4;2992.0;1994.66
larga_quando_carteira_pagar;29;3;5;43700.0;23700.0;20000.0;2912.74;621312.14;3106.56;2071.04
larga_quando_carteira_pagar;30;3;5;43700.0;23700.0;20000.0;3024.27;644336.41;3221.68;2147.79
larga_quando_carteira_pagar;31;3;5;43700.0;23700.0;20000.0;3136.34;667472.75;3337.36;2224.91
larga_quando_carteira_pagar;32;3;5;43700.0;23700.0;20000.0;3248.96;690721.71;3453.61;2302.41
larga_quando_carteira_pagar;33;3;5;43700.0;23700.0;20000.0;3362.12;714083.83;3570.42;2380.28
larga_quando_carteira_pagar;34;3;5;43700.0;23700.0;20000.0;3475.84;737559.67;3687.8;2458.53
larga_quando_carteira_pagar;35;3;5;43700.0;23700.0;20000.0;3590.11;761149.78;3805.75;2537.17
larga_quando_carteira_pagar;36;3;5;43700.0;23700.0;20000.0;3704.94;784854.71;3924.27;2616.18
larga_quando_carteira_pagar;37;4;5;43700.0;23700.0;20000.0;3820.32;808675.03;4043.38;2695.58
larga_quando_carteira_pagar;38;4;5;43700.0;23700.0;20000.0;3936.27;832611.3;4163.06;2775.37
larga_quando_carteira_pagar;39;4;5;43700.0;23700.0;20000.0;4052.78;856664.08;4283.32;2855.55
larga_quando_carteira_pagar;40;4;5;43700.0;23700.0;20000.0;4169.86;880833.93;4404.17;2936.11
larga_quando_carteira_pagar;41;4;5;43700.0;23700.0;20000.0;4287.5;905121.44;4525.61;3017.07
larga_quando_carteira_pagar;42;4;5;43700.0;23700.0;20000.0;4405.72;929527.16;4647.64;3098.42
larga_quando_carteira_pagar;43;4;5;43700.0;23700.0;20000.0;4524.52;954051.68;4770.26;3180.17
larga_quando_carteira_pagar;44;4;5;43700.0;23700.0;20000.0;4643.89;978695.58;4893.48;3262.32
larga_quando_carteira_pagar;45;4;5;43700.0;23700.0;20000.0;4763.85;1003459.43;5017.3;3344.86
larga_quando_carteira_pagar;46;4;5;43700.0;23700.0;20000.0;4884.39;1028343.82;5141.72;3427.81
larga_quando_carteira_pagar;47;4;5;43700.0;23700.0;20000.0;5005.52;1053349.33;5266.75;3511.16
larga_quando_carteira_pagar;48;4;5;43700.0;23700.0;20000.0;5127.23;1078476.56;5392.38;3594.92
larga_quando_carteira_pagar;49;5;5;43700.0;23700.0;20000.0;5249.54;1103726.1;5518.63;3679.09
larga_quando_carteira_pagar;50;5;5;43700.0;23700.0;20000.0;5372.44;1129098.54;5645.49;3763.66
larga_quando_carteira_pagar;51;5;5;43700.0;23700.0;20000.0;5495.94;1154594.49;5772.97;3848.65
larga_quando_carteira_pagar;52;5;5;43700.0;23700.0;20000.0;5620.05;1180214.54;5901.07;3934.05
larga_quando_carteira_pagar;53;5;5;43700.0;23700.0;20000.0;5744.75;1205959.29;6029.8;4019.86
larga_quando_carteira_pagar;54;5;5;43700.0;23700.0;20000.0;5870.07;1231829.36;6159.15;4106.1
larga_quando_carteira_pagar;55;5;5;43700.0;23700.0;20000.0;5995.99;1257825.35;6289.13;4192.75
larga_quando_carteira_pagar;56;5;5;43700.0;23700.0;20000.0;6122.53;1283947.88;6419.74;4279.83
larga_quando_carteira_pagar;57;5;5;43700.0;23700.0;20000.0;6249.68;1310197.56;6550.99;4367.33
larga_quando_carteira_pagar;58;5;5;43700.0;23700.0;20000.0;6377.45;1336575.01;6682.88;4455.25
larga_quando_carteira_pagar;59;5;5;43700.0;23700.0;20000.0;6505.85;1363080.86;6815.4;4543.6
larga_quando_carteira_pagar;60;5;5;43700.0;23700.0;20000.0;6634.86;1389715.72;6948.58;4632.39
larga_quando_carteira_pagar;61;6;5;43700.0;23700.0;20000.0;6764.51;1416480.23;7082.4;4721.6
larga_quando_carteira_pagar;62;6;5;43700.0;23700.0;20000.0;6894.79;1443375.02;7216.88;4811.25
larga_quando_carteira_pagar;63;6;5;43700.0;23700.0;20000.0;7025.7;1470400.72;7352.0;4901.34
larga_quando_carteira_pagar;64;6;5;43700.0;23700.0;20000.0;7157.25;1497557.97;7487.79;4991.86
larga_quando_carteira_pagar;65;6;5;43700.0;23700.0;20000.0;7289.44;1524847.41;7624.24;5082.82
larga_quando_carteira_pagar;66;6;5;43700.0;23700.0;20000.0;7422.27;1552269.69;7761.35;5174.23
larga_quando_carteira_pagar;67;6;5;43700.0;23700.0;20000.0;7555.75;1579825.44;7899.13;5266.08
larga_quando_carteira_pagar;68;6;5;43700.0;23700.0;20000.0;7689.88;1607515.32;8037.58;5358.38
larga_quando_carteira_pagar;69;6;5;43700.0;23700.0;20000.0;7824.66;1635339.98;8176.7;5451.13
larga_quando_carteira_pagar;70;6;5;43700.0;23700.0;20000.0;7960.1;1663300.08;8316.5;5544.33
larga_quando_carteira_pagar;71;6;5;43700.0;23700.0;20000.0;8096.2;1691396.28;8456.98;5637.99
larga_quando_carteira_pagar;72;6;5;43700.0;23700.0;20000.0;8232.96;1719629.23;8598.15;5732.1
larga_quando_carteira_pagar;73;7;5;43700.0;23700.0;20000.0;8370.38;1747999.62;8740.0;5826.67
larga_quando_carteira_pagar;74;7;5;43700.0;23700.0;20000.0;8508.48;1776508.09;8882.54;5921.69
larga_quando_carteira_pagar;75;7;5;43700.0;23700.0;20000.0;8647.24;1805155.33;9025.78;6017.18
larga_quando_carteira_pagar;76;7;5;43700.0;23700.0;20000.0;8786.68;1833942.02;9169.71;6113.14
larga_quando_carteira_pagar;77;7;5;43700.0;23700.0;20000.0;8926.81;1862868.83;9314.34;6209.56
larga_quando_carteira_pagar;78;7;5;43700.0;23700.0;20000.0;9067.61;1891936.43;9459.68;6306.45
larga_quando_carteira_pagar;79;7;5;43700.0;23700.0;20000.0;9209.1;1921145.53;9605.73;6403.82
larga_quando_carteira_pagar;80;7;5;43700.0;23700.0;20000.0;9351.27;1950496.8;9752.48;6501.66
larga_quando_carteira_pagar;81;7;5;43700.0;23700.0;20000.0;9494.14;1979990.94;9899.95;6599.97
larga_quando_carteira_pagar;82;7;5;43700.0;23700.0;20000.0;9637.71;2009628.65;10048.14;6698.76
larga_quando_carteira_pagar;83;7;4;33733.33;23700.0;10033.33;9781.97;2029443.95;10147.22;6764.81
larga_quando_carteira_pagar;84;7;4;33733.33;23700.0;10033.33;9878.42;2049355.71;10246.78;6831.19
larga_quando_carteira_pagar;85;8;4;33733.33;23700.0;10033.33;9975.34;2069364.38;10346.82;6897.88
larga_quando_carteira_pagar;86;8;4;33733.33;23700.0;10033.33;10072.74;2089470.45;10447.35;6964.9
larga_quando_carteira_pagar;87;8;4;33733.33;23700.0;10033.33;10170.6;2109674.39;10548.37;7032.25
larga_quando_carteira_pagar;88;8;4;33733.33;23700.0;10033.33;10268.95;2129976.67;10649.88;7099.92
larga_quando_carteira_pagar;89;8;4;33733.33;23700.0;10033.33;10367.77;2150377.77;10751.89;7167.93
larga_quando_carteira_pagar;90;8;4;33733.33;23700.0;10033.33;10467.07;2170878.18;10854.39;7236.26
larga_quando_carteira_pagar;91;8;4;33733.33;23700.0;10033.33;10566.86;2191478.37;10957.39;7304.93
larga_quando_carteira_pagar;92;8;4;33733.33;23700.0;10033.33;10667.13;2212178.83;11060.89;7373.93
larga_quando_carteira_pagar;93;8;4;33733.33;23700.0;10033.33;10767.89;2232980.06;11164.9;7443.27
larga_quando_carteira_pagar;94;8;4;33733.33;23700.0;10033.33;10869.14;2253882.54;11269.41;7512.94
larga_quando_carteira_pagar;95;8;4;33733.33;23700.0;10033.33;10970.89;2274886.76;11374.43;7582.96
larga_quando_carteira_pagar;96;8;4;33733.33;23700.0;10033.33;11073.13;2295993.22;11479.97;7653.31
larga_quando_carteira_pagar;97;9;4;33733.33;23700.0;10033.33;11175.86;2317202.41;11586.01;7724.01
larga_quando_carteira_pagar;98;9;4;33733.33;23700.0;10033.33;11279.1;2338514.85;11692.57;7795.05
larga_quando_carteira_pagar;99;9;4;33733.33;23700.0;10033.33;11382.84;2359931.02;11799.66;7866.44
larga_quando_carteira_pagar;100;9;4;33733.33;23700.0;10033.33;11487.08;2381451.44;11907.26;7938.17
larga_quando_carteira_pagar;101;9;4;33733.33;23700.0;10033.33;11591.84;2403076.61;12015.38;8010.26
larga_quando_carteira_pagar;102;9;4;33733.33;23700.0;10033.33;11697.1;2424807.04;12124.04;8082.69
larga_quando_carteira_pagar;103;9;4;33733.33;23700.0;10033.33;11802.87;2446643.24;12233.22;8155.48
larga_quando_carteira_pagar;104;9;4;33733.33;23700.0;10033.33;11909.16;2468585.73;12342.93;8228.62
larga_quando_carteira_pagar;105;9;4;33733.33;23700.0;10033.33;12015.97;2490635.03;12453.18;8302.12
larga_quando_carteira_pagar;106;9;4;33733.33;23700.0;10033.33;12123.29;2512791.66;12563.96;8375.97
larga_quando_carteira_pagar;107;9;4;33733.33;23700.0;10033.33;12231.14;2535056.13;12675.28;8450.19
larga_quando_carteira_pagar;108;9;4;33733.33;23700.0;10033.33;12339.51;2557428.98;12787.14;8524.76
larga_quando_carteira_pagar;109;10;4;33733.33;23700.0;10033.33;12448.41;2579910.73;12899.55;8599.7
larga_quando_carteira_pagar;110;10;4;33733.33;23700.0;10033.33;12557.85;2602501.91;13012.51;8675.01
larga_quando_carteira_pagar;111;10;4;33733.33;23700.0;10033.33;12667.81;2625203.05;13126.02;8750.68
larga_quando_carteira_pagar;112;10;4;33733.33;23700.0;10033.33;12778.31;2648014.69;13240.07;8826.72
larga_quando_carteira_pagar;113;10;4;33733.33;23700.0;10033.33;12889.35;2670937.37;13354.69;8903.12
larga_quando_carteira_pagar;114;10;4;33733.33;23700.0;10033.33;13000.92;2693971.63;13469.86;8979.91
larga_quando_carteira_pagar;115;10;4;33733.33;23700.0;10033.33;13113.04;2717118.0;13585.59;9057.06
larga_quando_carteira_pagar;116;10;4;33733.33;23700.0;10033.33;13225.71;2740377.04;13701.89;9134.59
larga_quando_carteira_pagar;117;10;4;33733.33;23700.0;10033.33;13338.92;2763749.3;13818.75;9212.5
larga_quando_carteira_pagar;118;10;4;33733.33;23700.0;10033.33;13452.69;2787235.32;13936.18;9290.78
larga_quando_carteira_pagar;119;10;4;33733.33;23700.0;10033.33;13567.01;2810835.67;14054.18;9369.45
larga_quando_carteira_pagar;120;10;4;33733.33;23700.0;10033.33;13681.88;2834550.88;14172.75;9448.5
larga_quando_carteira_pagar;121;11;4;33733.33;23700.0;10033.33;13797.32;2858381.54;14291.91;9527.94
larga_quando_carteira_pagar;122;11;4;33733.33;23700.0;10033.33;13913.32;2882328.19;14411.64;9607.76
larga_quando_carteira_pagar;123;11;4;33733.33;23700.0;10033.33;14029.88;2906391.4;14531.96;9687.97
larga_quando_carteira_pagar;124;11;4;33733.33;23700.0;10033.33;14147.01;2930571.74;14652.86;9768.57
larga_quando_carteira_pagar;125;11;4;33733.33;23700.0;10033.33;14264.71;2954869.78;14774.35;9849.57
larga_quando_carteira_pagar;126;11;4;33733.33;23700.0;10033.33;14382.98;2979286.09;14896.43;9930.95
larga_quando_carteira_pagar;127;11;4;33733.33;23700.0;10033.33;14501.83;3003821.25;15019.11;10012.74
larga_quando_carteira_pagar;128;11;4;33733.33;23700.0;10033.33;14621.25;3028475.83;15142.38;10094.92
larga_quando_carteira_pagar;129;11;4;33733.33;23700.0;10033.33;14741.26;3053250.43;15266.25;10177.5
larga_quando_carteira_pagar;130;11;4;33733.33;23700.0;10033.33;14861.85;3078145.61;15390.73;10260.49
larga_quando_carteira_pagar;131;11;4;33733.33;23700.0;10033.33;14983.03;3103161.97;15515.81;10343.87
larga_quando_carteira_pagar;132;11;4;33733.33;23700.0;10033.33;15104.8;3128300.11;15641.5;10427.67
larga_quando_carteira_pagar;133;12;4;33733.33;23700.0;10033.33;15227.16;3153560.6;15767.8;10511.87
larga_quando_carteira_pagar;134;12;4;33733.33;23700.0;10033.33;15350.12;3178944.05;15894.72;10596.48
larga_quando_carteira_pagar;135;12;4;33733.33;23700.0;10033.33;15473.67;3204451.05;16022.26;10681.5
larga_quando_carteira_pagar;136;12;4;33733.33;23700.0;10033.33;15597.83;3230082.21;16150.41;10766.94
larga_quando_carteira_pagar;137;12;4;33733.33;23700.0;10033.33;15722.59;3255838.13;16279.19;10852.79
larga_quando_carteira_pagar;138;12;4;33733.33;23700.0;10033.33;15847.96;3281719.42;16408.6;10939.06
larga_quando_carteira_pagar;139;12;4;33733.33;23700.0;10033.33;15973.94;3307726.69;16538.63;11025.76
larga_quando_carteira_pagar;140;12;4;33733.33;23700.0;10033.33;16100.53;3333860.55;16669.3;11112.87
larga_quando_carteira_pagar;141;12;4;33733.33;23700.0;10033.33;16227.73;3360121.62;16800.61;11200.41
larga_quando_carteira_pagar;142;12;4;33733.33;23700.0;10033.33;16355.56;3386510.52;16932.55;11288.37
larga_quando_carteira_pagar;143;12;4;33733.33;23700.0;10033.33;16484.01;3413027.86;17065.14;11376.76
larga_quando_carteira_pagar;144;12;4;33733.33;23700.0;10033.33;16613.09;3439674.28;17198.37;11465.58
larga_quando_carteira_pagar;145;13;4;33733.33;23700.0;10033.33;16742.79;3466450.4;17332.25;11554.83
larga_quando_carteira_pagar;146;13;4;33733.33;23700.0;10033.33;16873.12;3493356.86;17466.78;11644.52
larga_quando_carteira_pagar;147;13;4;33733.33;23700.0;10033.33;17004.09;3520394.28;17601.97;11734.65
larga_quando_carteira_pagar;148;13;4;33733.33;23700.0;10033.33;17135.7;3547563.31;17737.82;11825.21
larga_quando_carteira_pagar;149;13;4;33733.33;23700.0;10033.33;17267.94;3574864.59;17874.32;11916.22
larga_quando_carteira_pagar;150;13;4;33733.33;23700.0;10033.33;17400.83;3602298.76;18011.49;12007.66
larga_quando_carteira_pagar;151;13;4;33733.33;23700.0;10033.33;17534.37;3629866.46;18149.33;12099.55
larga_quando_carteira_pagar;152;13;4;33733.33;23700.0;10033.33;17668.56;3657568.35;18287.84;12191.89
larga_quando_carteira_pagar;153;13;4;33733.33;23700.0;10033.33;17803.4;3685405.09;18427.03;12284.68
larga_quando_carteira_pagar;154;13;4;33733.33;23700.0;10033.33;17938.9;3713377.31;18566.89;12377.92
larga_quando_carteira_pagar;155;13;4;33733.33;23700.0;10033.33;18075.05;3741485.7;18707.43;12471.62
larga_quando_carteira_pagar;156;13;4;33733.33;23700.0;10033.33;18211.87;3769730.9;18848.65;12565.77
larga_quando_carteira_pagar;157;14;4;33733.33;23700.0;10033.33;18349.36;3798113.59;18990.57;12660.38
larga_quando_carteira_pagar;158;14;4;33733.33;23700.0;10033.33;18487.51;3826634.44;19133.17;12755.45
larga_quando_carteira_pagar;159;14;4;33733.33;23700.0;10033.33;18626.34;3855294.11;19276.47;12850.98
larga_quando_carteira_pagar;160;14;4;33733.33;23700.0;10033.33;18765.84;3884093.28;19420.47;12946.98
larga_quando_carteira_pagar;161;14;4;33733.33;23700.0;10033.33;18906.02;3913032.63;19565.16;13043.44
larga_quando_carteira_pagar;162;14;3;24150.0;23700.0;450.0;19046.88;3932529.52;19662.65;13108.43
larga_quando_carteira_pagar;163;14;3;24150.0;23700.0;450.0;19141.79;3952121.3;19760.61;13173.74
larga_quando_carteira_pagar;164;14;3;24150.0;23700.0;450.0;19237.15;3971808.45;19859.04;13239.36
larga_quando_carteira_pagar;165;14;3;24150.0;23700.0;450.0;19332.98;3991591.43;19957.96;13305.3
larga_quando_carteira_pagar;166;14;3;24150.0;23700.0;450.0;19429.27;4011470.7;20057.35;13371.57
larga_quando_carteira_pagar;167;14;3;24150.0;23700.0;450.0;19526.04;4031446.74;20157.23;13438.16
larga_quando_carteira_pagar;168;14;3;24150.0;23700.0;450.0;19623.27;4051520.01;20257.6;13505.07
larga_quando_carteira_pagar;169;15;3;24150.0;23700.0;450.0;19720.98;4071690.99;20358.45;13572.3
larga_quando_carteira_pagar;170;15;3;24150.0;23700.0;450.0;19819.16;4091960.15;20459.8;13639.87
larga_quando_carteira_pagar;171;15;3;24150.0;23700.0;450.0;19917.82;4112327.98;20561.64;13707.76
larga_quando_carteira_pagar;172;15;3;24150.0;23700.0;450.0;20016.96;4132794.94;20663.97;13775.98
larga_quando_carteira_pagar;173;15;3;24150.0;23700.0;450.0;20116.59;4153361.53;20766.81;13844.54
larga_quando_carteira_pagar;174;15;3;24150.0;23700.0;450.0;20216.7;4174028.23;20870.14;13913.43
larga_quando_carteira_pagar;175;15;3;24150.0;23700.0;450.0;20317.29;4194795.52;20973.98;13982.65
larga_quando_carteira_pagar;176;15;3;24150.0;23700.0;450.0;20418.38;4215663.9;21078.32;14052.21
larga_quando_carteira_pagar;177;15;3;24150.0;23700.0;450.0;20519.96;4236633.86;21183.17;14122.11
larga_quando_carteira_pagar;178;15;3;24150.0;23700.0;450.0;20622.03;4257705.88;21288.53;14192.35
larga_quando_carteira_pagar;179;15;3;24150.0;23700.0;450.0;20724.6;4278880.48;21394.4;14262.93
larga_quando_carteira_pagar;180;15;3;24150.0;23700.0;450.0;20827.67;4300158.15;21500.79;14333.86
larga_quando_carteira_pagar;181;16;3;24150.0;23700.0;450.0;20931.24;4321539.39;21607.7;14405.13
larga_quando_carteira_pagar;182;16;3;24150.0;23700.0;450.0;21035.31;4343024.7;21715.12;14476.75
larga_quando_carteira_pagar;183;16;3;24150.0;23700.0;450.0;21139.89;4364614.59;21823.07;14548.72
larga_quando_carteira_pagar;184;16;3;24150.0;23700.0;450.0;21244.98;4386309.57;21931.55;14621.03
larga_quando_carteira_pagar;185;16;3;24150.0;23700.0;450.0;21350.58;4408110.16;22040.55;14693.7
larga_quando_carteira_pagar;186;16;3;24150.0;23700.0;450.0;21456.7;4430016.86;22150.08;14766.72
larga_quando_carteira_pagar;187;16;3;24150.0;23700.0;450.0;21563.33;4452030.19;22260.15;14840.1
larga_quando_carteira_pagar;188;16;3;24150.0;23700.0;450.0;21670.48;4474150.67;22370.75;14913.84
larga_quando_carteira_pagar;189;16;3;24150.0;23700.0;450.0;21778.15;4496378.82;22481.89;14987.93
larga_quando_carteira_pagar;190;16;3;24150.0;23700.0;450.0;21886.35;4518715.18;22593.58;15062.38
larga_quando_carteira_pagar;191;16;3;24150.0;23700.0;450.0;21995.07;4541160.25;22705.8;15137.2
larga_quando_carteira_pagar;192;16;3;24150.0;23700.0;450.0;22104.33;4563714.58;22818.57;15212.38
larga_quando_carteira_pagar;193;17;3;24150.0;23700.0;450.0;22214.11;4586378.69;22931.89;15287.93
larga_quando_carteira_pagar;194;17;3;24150.0;23700.0;450.0;22324.43;4609153.12;23045.77;15363.84
larga_quando_carteira_pagar;195;17;3;24150.0;23700.0;450.0;22435.29;4632038.4;23160.19;15440.13
larga_quando_carteira_pagar;196;17;3;24150.0;23700.0;450.0;22546.68;4655035.09;23275.18;15516.78
larga_quando_carteira_pagar;197;17;3;24150.0;23700.0;450.0;22658.62;4678143.7;23390.72;15593.81
larga_quando_carteira_pagar;198;17;3;24150.0;23700.0;450.0;22771.1;4701364.81;23506.82;15671.22
larga_quando_carteira_pagar;199;17;3;24150.0;23700.0;450.0;22884.13;4724698.94;23623.49;15749.0
larga_quando_carteira_pagar;200;17;3;24150.0;23700.0;450.0;22997.71;4748146.65;23740.73;15827.16
larga_quando_carteira_pagar;201;17;3;24150.0;23700.0;450.0;23111.84;4771708.49;23858.54;15905.69
larga_quando_carteira_pagar;202;17;3;24150.0;23700.0;450.0;23226.53;4795385.02;23976.93;15984.62
larga_quando_carteira_pagar;203;17;3;24150.0;23700.0;450.0;23341.78;4819176.8;24095.88;16063.92
larga_quando_carteira_pagar;204;17;3;24150.0;23700.0;450.0;23457.59;4843084.39;24215.42;16143.61
larga_quando_carteira_pagar;205;18;3;24150.0;23700.0;450.0;23573.96;4867108.35;24335.54;16223.69
larga_quando_carteira_pagar;206;18;3;24150.0;23700.0;450.0;23690.9;4891249.24;24456.25;16304.16
larga_quando_carteira_pagar;207;18;3;24150.0;23700.0;450.0;23808.4;4915507.65;24577.54;16385.03
larga_quando_carteira_pagar;208;18;3;24150.0;23700.0;450.0;23926.48;4939884.13;24699.42;16466.28
larga_quando_carteira_pagar;209;18;3;24150.0;23700.0;450.0;24045.14;4964379.26;24821.9;16547.93
larga_quando_carteira_pagar;210;18;3;24150.0;23700.0;450.0;24164.37;4988993.63;24944.97;16629.98
larga_quando_carteira_pagar;211;18;3;24150.0;23700.0;450.0;24284.18;5013727.81;25068.64;16712.43
larga_quando_carteira_pagar;212;18;3;24150.0;23700.0;450.0;24404.57;5038582.38;25192.91;16795.27
larga_quando_carteira_pagar;213;18;3;24150.0;23700.0;450.0;24525.55;5063557.94;25317.79;16878.53
larga_quando_carteira_pagar;214;18;3;24150.0;23700.0;450.0;24647.12;5088655.06;25443.28;16962.18
larga_quando_carteira_pagar;215;18;3;24150.0;23700.0;450.0;24769.29;5113874.35;25569.37;17046.25
larga_quando_carteira_pagar;216;18;3;24150.0;23700.0;450.0;24892.04;5139216.39;25696.08;17130.72
larga_quando_carteira_pagar;217;19;3;24150.0;23700.0;450.0;25015.4;5164681.79;25823.41;17215.61
larga_quando_carteira_pagar;218;19;3;24150.0;23700.0;450.0;25139.35;5190271.14;25951.36;17300.9
larga_quando_carteira_pagar;219;19;3;24150.0;23700.0;450.0;25263.91;5215985.04;26079.93;17386.62
larga_quando_carteira_pagar;220;19;3;24150.0;23700.0;450.0;25389.07;5241824.11;26209.12;17472.75
larga_quando_carteira_pagar;221;19;3;24150.0;23700.0;450.0;25514.84;5267788.96;26338.94;17559.3
larga_quando_carteira_pagar;222;19;3;24150.0;23700.0;450.0;25641.23;5293880.19;26469.4;17646.27
larga_quando_carteira_pagar;223;19;3;24150.0;23700.0;450.0;25768.23;5320098.42;26600.49;17733.66
larga_quando_carteira_pagar;224;19;3;24150.0;23700.0;450.0;25895.85;5346444.26;26732.22;17821.48
larga_quando_carteira_pagar;225;19;3;24150.0;23700.0;450.0;26024.09;5372918.35;26864.59;17909.73
larga_quando_carteira_pagar;226;19;3;24150.0;23700.0;450.0;26152.95;5399521.3;26997.61;17998.4
larga_quando_carteira_pagar;227;19;3;24150.0;23700.0;450.0;26282.44;5426253.75;27131.27;18087.51
larga_quando_carteira_pagar;228;19;3;24150.0;23700.0;450.0;26412.56;5453116.31;27265.58;18177.05
larga_quando_carteira_pagar;229;20;3;24150.0;23700.0;450.0;26543.32;5480109.63;27400.55;18267.03
larga_quando_carteira_pagar;230;20;3;24150.0;23700.0;450.0;26674.71;5507234.34;27536.17;18357.45
larga_quando_carteira_pagar;231;20;3;24150.0;23700.0;450.0;26806.74;5534491.08;27672.46;18448.3
larga_quando_carteira_pagar;232;20;3;24150.0;23700.0;450.0;26939.42;5561880.5;27809.4;18539.6
larga_quando_carteira_pagar;233;20;3;24150.0;23700.0;450.0;27072.73;5589403.23;27947.02;18631.34
larga_quando_carteira_pagar;234;20;3;24150.0;23700.0;450.0;27206.7;5617059.94;28085.3;18723.53
larga_quando_carteira_pagar;235;20;3;24150.0;23700.0;450.0;27341.32;5644851.26;28224.26;18816.17
larga_quando_carteira_pagar;236;20;3;24150.0;23700.0;450.0;27476.6;5672777.86;28363.89;18909.26
larga_quando_carteira_pagar;237;20;3;24150.0;23700.0;450.0;27612.53;5700840.39;28504.2;19002.8
larga_quando_carteira_pagar;238;20;3;24150.0;23700.0;450.0;27749.13;5729039.52;28645.2;19096.8
larga_quando_carteira_pagar;239;20;3;24150.0;23700.0;450.0;27886.39;5757375.91;28786.88;19191.25
larga_quando_carteira_pagar;240;20;3;24150.0;23700.0;450.0;28024.32;5785850.23;28929.25;19286.17
plano_ipca_mais_4;1;1;5;43700.0;23700.0;20000.0;0.0;20000.0;100.0;66.67
plano_ipca_mais_4;2;1;5;43700.0;23700.0;20000.0;65.47;40065.47;200.33;133.55
plano_ipca_mais_4;3;1;5;43700.0;23700.0;20000.0;131.16;60196.64;300.98;200.66
plano_ipca_mais_4;4;1;5;43700.0;23700.0;20000.0;197.07;80393.71;401.97;267.98
plano_ipca_mais_4;5;1;5;43700.0;23700.0;20000.0;263.19;100656.89;503.28;335.52
plano_ipca_mais_4;6;1;5;43700.0;23700.0;20000.0;329.52;120986.42;604.93;403.29
plano_ipca_mais_4;7;1;5;43700.0;23700.0;20000.0;396.08;141382.5;706.91;471.27
plano_ipca_mais_4;8;1;5;43700.0;23700.0;20000.0;462.85;161845.35;809.23;539.48
plano_ipca_mais_4;9;1;5;43700.0;23700.0;20000.0;529.84;182375.19;911.88;607.92
plano_ipca_mais_4;10;1;5;43700.0;23700.0;20000.0;597.05;202972.24;1014.86;676.57
plano_ipca_mais_4;11;1;5;43700.0;23700.0;20000.0;664.48;223636.71;1118.18;745.46
plano_ipca_mais_4;12;1;5;43700.0;23700.0;20000.0;732.13;244368.84;1221.84;814.56
plano_ipca_mais_4;13;2;5;43700.0;23700.0;20000.0;800.0;265168.84;1325.84;883.9
plano_ipca_mais_4;14;2;5;43700.0;23700.0;20000.0;868.09;286036.94;1430.18;953.46
plano_ipca_mais_4;15;2;5;43700.0;23700.0;20000.0;936.41;306973.35;1534.87;1023.24
plano_ipca_mais_4;16;2;5;43700.0;23700.0;20000.0;1004.95;327978.3;1639.89;1093.26
plano_ipca_mais_4;17;2;5;43700.0;23700.0;20000.0;1073.72;349052.01;1745.26;1163.51
plano_ipca_mais_4;18;2;5;43700.0;23700.0;20000.0;1142.71;370194.72;1850.97;1233.98
plano_ipca_mais_4;19;2;5;43700.0;23700.0;20000.0;1211.92;391406.64;1957.03;1304.69
plano_ipca_mais_4;20;2;5;43700.0;23700.0;20000.0;1281.36;412688.0;2063.44;1375.63
plano_ipca_mais_4;21;2;5;43700.0;23700.0;20000.0;1351.03;434039.04;2170.2;1446.8
plano_ipca_mais_4;22;2;5;43700.0;23700.0;20000.0;1420.93;455459.97;2277.3;1518.2
plano_ipca_mais_4;23;2;5;43700.0;23700.0;20000.0;1491.06;476951.02;2384.76;1589.84
plano_ipca_mais_4;24;2;5;43700.0;23700.0;20000.0;1561.41;498512.44;2492.56;1661.71
plano_ipca_mais_4;25;3;5;43700.0;23700.0;20000.0;1632.0;520144.44;2600.72;1733.81
plano_ipca_mais_4;26;3;5;43700.0;23700.0;20000.0;1702.82;541847.26;2709.24;1806.16
plano_ipca_mais_4;27;3;5;43700.0;23700.0;20000.0;1773.87;563621.12;2818.11;1878.74
plano_ipca_mais_4;28;3;5;43700.0;23700.0;20000.0;1845.15;585466.27;2927.33;1951.55
plano_ipca_mais_4;29;3;5;43700.0;23700.0;20000.0;1916.66;607382.94;3036.91;2024.61
plano_ipca_mais_4;30;3;5;43700.0;23700.0;20000.0;1988.41;629371.35;3146.86;2097.9
plano_ipca_mais_4;31;3;5;43700.0;23700.0;20000.0;2060.4;651431.75;3257.16;2171.44
plano_ipca_mais_4;32;3;5;43700.0;23700.0;20000.0;2132.62;673564.37;3367.82;2245.21
plano_ipca_mais_4;33;3;5;43700.0;23700.0;20000.0;2205.07;695769.44;3478.85;2319.23
plano_ipca_mais_4;34;3;5;43700.0;23700.0;20000.0;2277.77;718047.21;3590.24;2393.49
plano_ipca_mais_4;35;3;5;43700.0;23700.0;20000.0;2350.7;740397.91;3701.99;2467.99
plano_ipca_mais_4;36;3;5;43700.0;23700.0;20000.0;2423.87;762821.78;3814.11;2542.74
plano_ipca_mais_4;37;4;5;43700.0;23700.0;20000.0;2497.28;785319.06;3926.6;2617.73
plano_ipca_mais_4;38;4;5;43700.0;23700.0;20000.0;2570.93;807889.99;4039.45;2692.97
plano_ipca_mais_4;39;4;5;43700.0;23700.0;20000.0;2644.82;830534.81;4152.67;2768.45
plano_ipca_mais_4;40;4;5;43700.0;23700.0;20000.0;2718.95;853253.76;4266.27;2844.18
plano_ipca_mais_4;41;4;5;43700.0;23700.0;20000.0;2793.33;876047.1;4380.24;2920.16
plano_ipca_mais_4;42;4;5;43700.0;23700.0;20000.0;2867.95;898915.05;4494.58;2996.38
plano_ipca_mais_4;43;4;5;43700.0;23700.0;20000.0;2942.81;921857.86;4609.29;3072.86
plano_ipca_mais_4;44;4;5;43700.0;23700.0;20000.0;3017.92;944875.78;4724.38;3149.59
plano_ipca_mais_4;45;4;5;43700.0;23700.0;20000.0;3093.28;967969.06;4839.85;3226.56
plano_ipca_mais_4;46;4;5;43700.0;23700.0;20000.0;3168.88;991137.94;4955.69;3303.79
plano_ipca_mais_4;47;4;5;43700.0;23700.0;20000.0;3244.73;1014382.67;5071.91;3381.28
plano_ipca_mais_4;48;4;5;43700.0;23700.0;20000.0;3320.82;1037703.49;5188.52;3459.01
plano_ipca_mais_4;49;5;5;43700.0;23700.0;20000.0;3397.17;1061100.66;5305.5;3537.0
plano_ipca_mais_4;50;5;5;43700.0;23700.0;20000.0;3473.77;1084574.43;5422.87;3615.25
plano_ipca_mais_4;51;5;5;43700.0;23700.0;20000.0;3550.61;1108125.04;5540.63;3693.75
plano_ipca_mais_4;52;5;5;43700.0;23700.0;20000.0;3627.71;1131752.76;5658.76;3772.51
plano_ipca_mais_4;53;5;5;43700.0;23700.0;20000.0;3705.06;1155457.82;5777.29;3851.53
plano_ipca_mais_4;54;5;5;43700.0;23700.0;20000.0;3782.67;1179240.49;5896.2;3930.8
plano_ipca_mais_4;55;5;5;43700.0;23700.0;20000.0;3860.53;1203101.02;6015.51;4010.34
plano_ipca_mais_4;56;5;5;43700.0;23700.0;20000.0;3938.64;1227039.66;6135.2;4090.13
plano_ipca_mais_4;57;5;5;43700.0;23700.0;20000.0;4017.01;1251056.66;6255.28;4170.19
plano_ipca_mais_4;58;5;5;43700.0;23700.0;20000.0;4095.63;1275152.3;6375.76;4250.51
plano_ipca_mais_4;59;5;5;43700.0;23700.0;20000.0;4174.52;1299326.81;6496.63;4331.09
plano_ipca_mais_4;60;5;5;43700.0;23700.0;20000.0;4253.66;1323580.47;6617.9;4411.93
plano_ipca_mais_4;61;6;5;43700.0;23700.0;20000.0;4333.06;1347913.53;6739.57;4493.05
plano_ipca_mais_4;62;6;5;43700.0;23700.0;20000.0;4412.72;1372326.25;6861.63;4574.42
plano_ipca_mais_4;63;6;5;43700.0;23700.0;20000.0;4492.64;1396818.89;6984.09;4656.06
plano_ipca_mais_4;64;6;5;43700.0;23700.0;20000.0;4572.82;1421391.71;7106.96;4737.97
plano_ipca_mais_4;65;6;5;43700.0;23700.0;20000.0;4653.27;1446044.98;7230.22;4820.15
plano_ipca_mais_4;66;6;5;43700.0;23700.0;20000.0;4733.97;1470778.95;7353.89;4902.6
plano_ipca_mais_4;67;6;5;43700.0;23700.0;20000.0;4814.95;1495593.9;7477.97;4985.31
plano_ipca_mais_4;68;6;5;43700.0;23700.0;20000.0;4896.19;1520490.08;7602.45;5068.3
plano_ipca_mais_4;69;6;5;43700.0;23700.0;20000.0;4977.69;1545467.77;7727.34;5151.56
plano_ipca_mais_4;70;6;5;43700.0;23700.0;20000.0;5059.46;1570527.23;7852.64;5235.09
plano_ipca_mais_4;71;6;5;43700.0;23700.0;20000.0;5141.5;1595668.73;7978.34;5318.9
plano_ipca_mais_4;72;6;5;43700.0;23700.0;20000.0;5223.8;1620892.53;8104.46;5402.98
plano_ipca_mais_4;73;7;5;43700.0;23700.0;20000.0;5306.38;1646198.91;8230.99;5487.33
plano_ipca_mais_4;74;7;5;43700.0;23700.0;20000.0;5389.23;1671588.14;8357.94;5571.96
plano_ipca_mais_4;75;7;5;43700.0;23700.0;20000.0;5472.34;1697060.49;8485.3;5656.87
plano_ipca_mais_4;76;7;5;43700.0;23700.0;20000.0;5555.73;1722616.22;8613.08;5742.05
plano_ipca_mais_4;77;7;5;43700.0;23700.0;20000.0;5639.4;1748255.62;8741.28;5827.52
plano_ipca_mais_4;78;7;5;43700.0;23700.0;20000.0;5723.33;1773978.95;8869.89;5913.26
plano_ipca_mais_4;79;7;5;43700.0;23700.0;20000.0;5807.55;1799786.5;8998.93;5999.29
plano_ipca_mais_4;80;7;5;43700.0;23700.0;20000.0;5892.03;1825678.53;9128.39;6085.6
plano_ipca_mais_4;81;7;5;43700.0;23700.0;20000.0;5976.8;1851655.33;9258.28;6172.18
plano_ipca_mais_4;82;7;5;43700.0;23700.0;20000.0;6061.84;1877717.16;9388.59;6259.06
plano_ipca_mais_4;83;7;5;43700.0;23700.0;20000.0;6147.16;1903864.32;9519.32;6346.21
plano_ipca_mais_4;84;7;5;43700.0;23700.0;20000.0;6232.76;1930097.08;9650.49;6433.66
plano_ipca_mais_4;85;8;5;43700.0;23700.0;20000.0;6318.64;1956415.71;9782.08;6521.39
plano_ipca_mais_4;86;8;5;43700.0;23700.0;20000.0;6404.8;1982820.51;9914.1;6609.4
plano_ipca_mais_4;87;8;5;43700.0;23700.0;20000.0;6491.24;2009311.75;10046.56;6697.71
plano_ipca_mais_4;88;8;5;43700.0;23700.0;20000.0;6577.96;2035889.71;10179.45;6786.3
plano_ipca_mais_4;89;8;5;43700.0;23700.0;20000.0;6664.97;2062554.68;10312.77;6875.18
plano_ipca_mais_4;90;8;5;43700.0;23700.0;20000.0;6752.27;2089306.95;10446.53;6964.36
plano_ipca_mais_4;91;8;5;43700.0;23700.0;20000.0;6839.85;2116146.8;10580.73;7053.82
plano_ipca_mais_4;92;8;5;43700.0;23700.0;20000.0;6927.71;2143074.51;10715.37;7143.58
plano_ipca_mais_4;93;8;5;43700.0;23700.0;20000.0;7015.87;2170090.38;10850.45;7233.63
plano_ipca_mais_4;94;8;5;43700.0;23700.0;20000.0;7104.31;2197194.69;10985.97;7323.98
plano_ipca_mais_4;95;8;5;43700.0;23700.0;20000.0;7193.04;2224387.74;11121.94;7414.63
plano_ipca_mais_4;96;8;5;43700.0;23700.0;20000.0;7282.07;2251669.8;11258.35;7505.57
plano_ipca_mais_4;97;9;5;43700.0;23700.0;20000.0;7371.38;2279041.18;11395.21;7596.8
plano_ipca_mais_4;98;9;5;43700.0;23700.0;20000.0;7460.99;2306502.17;11532.51;7688.34
plano_ipca_mais_4;99;9;5;43700.0;23700.0;20000.0;7550.89;2334053.06;11670.27;7780.18
plano_ipca_mais_4;100;9;5;43700.0;23700.0;20000.0;7641.08;2361694.14;11808.47;7872.31
plano_ipca_mais_4;101;9;5;43700.0;23700.0;20000.0;7731.57;2389425.71;11947.13;7964.75
plano_ipca_mais_4;102;9;5;43700.0;23700.0;20000.0;7822.36;2417248.07;12086.24;8057.49
plano_ipca_mais_4;103;9;5;43700.0;23700.0;20000.0;7913.44;2445161.51;12225.81;8150.54
plano_ipca_mais_4;104;9;5;43700.0;23700.0;20000.0;8004.82;2473166.34;12365.83;8243.89
plano_ipca_mais_4;105;9;5;43700.0;23700.0;20000.0;8096.5;2501262.84;12506.31;8337.54
plano_ipca_mais_4;106;9;5;43700.0;23700.0;20000.0;8188.48;2529451.32;12647.26;8431.5
plano_ipca_mais_4;107;9;5;43700.0;23700.0;20000.0;8280.77;2557732.09;12788.66;8525.77
plano_ipca_mais_4;108;9;5;43700.0;23700.0;20000.0;8373.35;2586105.44;12930.53;8620.35
plano_ipca_mais_4;109;10;5;43700.0;23700.0;20000.0;8466.24;2614571.67;13072.86;8715.24
plano_ipca_mais_4;110;10;5;43700.0;23700.0;20000.0;8559.43;2643131.1;13215.66;8810.44
plano_ipca_mais_4;111;10;5;43700.0;23700.0;20000.0;8652.92;2671784.02;13358.92;8905.95
plano_ipca_mais_4;112;10;5;43700.0;23700.0;20000.0;8746.73;2700530.75;13502.65;9001.77
plano_ipca_mais_4;113;10;5;43700.0;23700.0;20000.0;8840.83;2729371.58;13646.86;9097.91
plano_ipca_mais_4;114;10;5;43700.0;23700.0;20000.0;8935.25;2758306.84;13791.53;9194.36
plano_ipca_mais_4;115;10;5;43700.0;23700.0;20000.0;9029.98;2787336.82;13936.68;9291.12
plano_ipca_mais_4;116;10;5;43700.0;23700.0;20000.0;9125.02;2816461.83;14082.31;9388.21
plano_ipca_mais_4;117;10;5;43700.0;23700.0;20000.0;9220.36;2845682.19;14228.41;9485.61
plano_ipca_mais_4;118;10;5;43700.0;23700.0;20000.0;9316.02;2874998.22;14374.99;9583.33
plano_ipca_mais_4;119;10;5;43700.0;23700.0;20000.0;9412.0;2904410.21;14522.05;9681.37
plano_ipca_mais_4;120;10;5;43700.0;23700.0;20000.0;9508.28;2933918.5;14669.59;9779.73
plano_ipca_mais_4;121;11;4;33733.33;23700.0;10033.33;9604.89;2953556.72;14767.78;9845.19
plano_ipca_mais_4;122;11;4;33733.33;23700.0;10033.33;9669.18;2973259.22;14866.3;9910.86
plano_ipca_mais_4;123;11;4;33733.33;23700.0;10033.33;9733.68;2993026.23;14965.13;9976.75
plano_ipca_mais_4;124;11;4;33733.33;23700.0;10033.33;9798.39;3012857.96;15064.29;10042.86
plano_ipca_mais_4;125;11;4;33733.33;23700.0;10033.33;9863.31;3032754.6;15163.77;10109.18
plano_ipca_mais_4;126;11;4;33733.33;23700.0;10033.33;9928.45;3052716.39;15263.58;10175.72
plano_ipca_mais_4;127;11;4;33733.33;23700.0;10033.33;9993.8;3072743.52;15363.72;10242.48
plano_ipca_mais_4;128;11;4;33733.33;23700.0;10033.33;10059.36;3092836.21;15464.18;10309.45
plano_ipca_mais_4;129;11;4;33733.33;23700.0;10033.33;10125.14;3112994.69;15564.97;10376.65
plano_ipca_mais_4;130;11;4;33733.33;23700.0;10033.33;10191.13;3133219.16;15666.1;10444.06
plano_ipca_mais_4;131;11;4;33733.33;23700.0;10033.33;10257.34;3153509.83;15767.55;10511.7
plano_ipca_mais_4;132;11;4;33733.33;23700.0;10033.33;10323.77;3173866.94;15869.33;10579.56
plano_ipca_mais_4;133;12;4;33733.33;23700.0;10033.33;10390.41;3194290.69;15971.45;10647.64
plano_ipca_mais_4;134;12;4;33733.33;23700.0;10033.33;10457.28;3214781.3;16073.91;10715.94
plano_ipca_mais_4;135;12;4;33733.33;23700.0;10033.33;10524.36;3235338.99;16176.69;10784.46
plano_ipca_mais_4;136;12;4;33733.33;23700.0;10033.33;10591.66;3255963.98;16279.82;10853.21
plano_ipca_mais_4;137;12;4;33733.33;23700.0;10033.33;10659.18;3276656.49;16383.28;10922.19
plano_ipca_mais_4;138;12;4;33733.33;23700.0;10033.33;10726.92;3297416.74;16487.08;10991.39
plano_ipca_mais_4;139;12;4;33733.33;23700.0;10033.33;10794.88;3318244.96;16591.22;11060.82
plano_ipca_mais_4;140;12;4;33733.33;23700.0;10033.33;10863.07;3339141.37;16695.71;11130.47
plano_ipca_mais_4;141;12;4;33733.33;23700.0;10033.33;10931.48;3360106.18;16800.53;11200.35
plano_ipca_mais_4;142;12;4;33733.33;23700.0;10033.33;11000.11;3381139.63;16905.7;11270.47
plano_ipca_mais_4;143;12;4;33733.33;23700.0;10033.33;11068.97;3402241.93;17011.21;11340.81
plano_ipca_mais_4;144;12;4;33733.33;23700.0;10033.33;11138.05;3423413.32;17117.07;11411.38
plano_ipca_mais_4;145;13;4;33733.33;23700.0;10033.33;11207.36;3444654.02;17223.27;11482.18
plano_ipca_mais_4;146;13;4;33733.33;23700.0;10033.33;11276.9;3465964.25;17329.82;11553.21
plano_ipca_mais_4;147;13;4;33733.33;23700.0;10033.33;11346.67;3487344.25;17436.72;11624.48
plano_ipca_mais_4;148;13;4;33733.33;23700.0;10033.33;11416.66;3508794.24;17543.97;11695.98
plano_ipca_mais_4;149;13;4;33733.33;23700.0;10033.33;11486.88;3530314.45;17651.57;11767.71
plano_ipca_mais_4;150;13;4;33733.33;23700.0;10033.33;11557.33;3551905.12;17759.53;11839.68
plano_ipca_mais_4;151;13;4;33733.33;23700.0;10033.33;11628.01;3573566.46;17867.83;11911.89
plano_ipca_mais_4;152;13;4;33733.33;23700.0;10033.33;11698.93;3595298.72;17976.49;11984.33
plano_ipca_mais_4;153;13;4;33733.33;23700.0;10033.33;11770.07;3617102.13;18085.51;12057.01
plano_ipca_mais_4;154;13;4;33733.33;23700.0;10033.33;11841.45;3638976.91;18194.88;12129.92
plano_ipca_mais_4;155;13;4;33733.33;23700.0;10033.33;11913.06;3660923.31;18304.62;12203.08
plano_ipca_mais_4;156;13;4;33733.33;23700.0;10033.33;11984.91;3682941.55;18414.71;12276.47
plano_ipca_mais_4;157;14;4;33733.33;23700.0;10033.33;12056.99;3705031.88;18525.16;12350.11
plano_ipca_mais_4;158;14;4;33733.33;23700.0;10033.33;12129.31;3727194.52;18635.97;12423.98
plano_ipca_mais_4;159;14;4;33733.33;23700.0;10033.33;12201.86;3749429.72;18747.15;12498.1
plano_ipca_mais_4;160;14;4;33733.33;23700.0;10033.33;12274.66;3771737.71;18858.69;12572.46
plano_ipca_mais_4;161;14;4;33733.33;23700.0;10033.33;12347.69;3794118.73;18970.59;12647.06
plano_ipca_mais_4;162;14;4;33733.33;23700.0;10033.33;12420.96;3816573.02;19082.87;12721.91
plano_ipca_mais_4;163;14;4;33733.33;23700.0;10033.33;12494.47;3839100.82;19195.5;12797.0
plano_ipca_mais_4;164;14;4;33733.33;23700.0;10033.33;12568.22;3861702.37;19308.51;12872.34
plano_ipca_mais_4;165;14;4;33733.33;23700.0;10033.33;12642.21;3884377.92;19421.89;12947.93
plano_ipca_mais_4;166;14;4;33733.33;23700.0;10033.33;12716.44;3907127.69;19535.64;13023.76
plano_ipca_mais_4;167;14;4;33733.33;23700.0;10033.33;12790.92;3929951.94;19649.76;13099.84
plano_ipca_mais_4;168;14;4;33733.33;23700.0;10033.33;12865.64;3952850.92;19764.25;13176.17
plano_ipca_mais_4;169;15;4;33733.33;23700.0;10033.33;12940.61;3975824.86;19879.12;13252.75
plano_ipca_mais_4;170;15;4;33733.33;23700.0;10033.33;13015.82;3998874.01;19994.37;13329.58
plano_ipca_mais_4;171;15;4;33733.33;23700.0;10033.33;13091.27;4021998.61;20109.99;13406.66
plano_ipca_mais_4;172;15;4;33733.33;23700.0;10033.33;13166.98;4045198.92;20225.99;13484.0
plano_ipca_mais_4;173;15;4;33733.33;23700.0;10033.33;13242.93;4068475.18;20342.38;13561.58
plano_ipca_mais_4;174;15;4;33733.33;23700.0;10033.33;13319.13;4091827.65;20459.14;13639.43
plano_ipca_mais_4;175;15;4;33733.33;23700.0;10033.33;13395.58;4115256.56;20576.28;13717.52
plano_ipca_mais_4;176;15;4;33733.33;23700.0;10033.33;13472.28;4138762.17;20693.81;13795.87
plano_ipca_mais_4;177;15;4;33733.33;23700.0;10033.33;13549.23;4162344.74;20811.72;13874.48
plano_ipca_mais_4;178;15;4;33733.33;23700.0;10033.33;13626.43;4186004.5;20930.02;13953.35
plano_ipca_mais_4;179;15;4;33733.33;23700.0;10033.33;13703.89;4209741.73;21048.71;14032.47
plano_ipca_mais_4;180;15;4;33733.33;23700.0;10033.33;13781.6;4233556.66;21167.78;14111.86
plano_ipca_mais_4;181;16;3;24150.0;23700.0;450.0;13859.56;4247866.22;21239.33;14159.55
plano_ipca_mais_4;182;16;3;24150.0;23700.0;450.0;13906.41;4262222.63;21311.11;14207.41
plano_ipca_mais_4;183;16;3;24150.0;23700.0;450.0;13953.41;4276626.04;21383.13;14255.42
plano_ipca_mais_4;184;16;3;24150.0;23700.0;450.0;14000.56;4291076.6;21455.38;14303.59
plano_ipca_mais_4;185;16;3;24150.0;23700.0;450.0;14047.87;4305574.47;21527.87;14351.91
plano_ipca_mais_4;186;16;3;24150.0;23700.0;450.0;14095.33;4320119.8;21600.6;14400.4
plano_ipca_mais_4;187;16;3;24150.0;23700.0;450.0;14142.95;4334712.74;21673.56;14449.04
plano_ipca_mais_4;188;16;3;24150.0;23700.0;450.0;14190.72;4349353.47;21746.77;14497.84
plano_ipca_mais_4;189;16;3;24150.0;23700.0;450.0;14238.65;4364042.12;21820.21;14546.81
plano_ipca_mais_4;190;16;3;24150.0;23700.0;450.0;14286.74;4378778.86;21893.89;14595.93
plano_ipca_mais_4;191;16;3;24150.0;23700.0;450.0;14334.98;4393563.84;21967.82;14645.21
plano_ipca_mais_4;192;16;3;24150.0;23700.0;450.0;14383.38;4408397.22;22041.99;14694.66
plano_ipca_mais_4;193;17;3;24150.0;23700.0;450.0;14431.95;4423279.17;22116.4;14744.26
plano_ipca_mais_4;194;17;3;24150.0;23700.0;450.0;14480.66;4438209.83;22191.05;14794.03
plano_ipca_mais_4;195;17;3;24150.0;23700.0;450.0;14529.54;4453189.38;22265.95;14843.96
plano_ipca_mais_4;196;17;3;24150.0;23700.0;450.0;14578.58;4468217.96;22341.09;14894.06
plano_ipca_mais_4;197;17;3;24150.0;23700.0;450.0;14627.78;4483295.74;22416.48;14944.32
plano_ipca_mais_4;198;17;3;24150.0;23700.0;450.0;14677.14;4498422.89;22492.11;14994.74
plano_ipca_mais_4;199;17;3;24150.0;23700.0;450.0;14726.67;4513599.55;22568.0;15045.33
plano_ipca_mais_4;200;17;3;24150.0;23700.0;450.0;14776.35;4528825.9;22644.13;15096.09
plano_ipca_mais_4;201;17;3;24150.0;23700.0;450.0;14826.2;4544102.1;22720.51;15147.01
plano_ipca_mais_4;202;17;3;24150.0;23700.0;450.0;14876.21;4559428.31;22797.14;15198.09
plano_ipca_mais_4;203;17;3;24150.0;23700.0;450.0;14926.38;4574804.69;22874.02;15249.35
plano_ipca_mais_4;204;17;3;24150.0;23700.0;450.0;14976.72;4590231.41;22951.16;15300.77
plano_ipca_mais_4;205;18;3;24150.0;23700.0;450.0;15027.22;4605708.63;23028.54;15352.36
plano_ipca_mais_4;206;18;3;24150.0;23700.0;450.0;15077.89;4621236.53;23106.18;15404.12
plano_ipca_mais_4;207;18;3;24150.0;23700.0;450.0;15128.73;4636815.25;23184.08;15456.05
plano_ipca_mais_4;208;18;3;24150.0;23700.0;450.0;15179.73;4652444.98;23262.22;15508.15
plano_ipca_mais_4;209;18;3;24150.0;23700.0;450.0;15230.89;4668125.87;23340.63;15560.42
plano_ipca_mais_4;210;18;3;24150.0;23700.0;450.0;15282.23;4683858.1;23419.29;15612.86
plano_ipca_mais_4;211;18;3;24150.0;23700.0;450.0;15333.73;4699641.83;23498.21;15665.47
plano_ipca_mais_4;212;18;3;24150.0;23700.0;450.0;15385.4;4715477.24;23577.39;15718.26
plano_ipca_mais_4;213;18;3;24150.0;23700.0;450.0;15437.25;4731364.48;23656.82;15771.21
plano_ipca_mais_4;214;18;3;24150.0;23700.0;450.0;15489.26;4747303.74;23736.52;15824.35
plano_ipca_mais_4;215;18;3;24150.0;23700.0;450.0;15541.44;4763295.18;23816.48;15877.65
plano_ipca_mais_4;216;18;3;24150.0;23700.0;450.0;15593.79;4779338.97;23896.69;15931.13
plano_ipca_mais_4;217;19;3;24150.0;23700.0;450.0;15646.31;4795435.28;23977.18;15984.78
plano_ipca_mais_4;218;19;3;24150.0;23700.0;450.0;15699.01;4811584.29;24057.92;16038.61
plano_ipca_mais_4;219;19;3;24150.0;23700.0;450.0;15751.87;4827786.16;24138.93;16092.62
plano_ipca_mais_4;220;19;3;24150.0;23700.0;450.0;15804.92;4844041.08;24220.21;16146.8
plano_ipca_mais_4;221;19;3;24150.0;23700.0;450.0;15858.13;4860349.21;24301.75;16201.16
plano_ipca_mais_4;222;19;3;24150.0;23700.0;450.0;15911.52;4876710.72;24383.55;16255.7
plano_ipca_mais_4;223;19;3;24150.0;23700.0;450.0;15965.08;4893125.81;24465.63;16310.42
plano_ipca_mais_4;224;19;3;24150.0;23700.0;450.0;16018.82;4909594.63;24547.97;16365.32
plano_ipca_mais_4;225;19;3;24150.0;23700.0;450.0;16072.74;4926117.36;24630.59;16420.39
plano_ipca_mais_4;226;19;3;24150.0;23700.0;450.0;16126.83;4942694.19;24713.47;16475.65
plano_ipca_mais_4;227;19;3;24150.0;23700.0;450.0;16181.09;4959325.28;24796.63;16531.08
plano_ipca_mais_4;228;19;3;24150.0;23700.0;450.0;16235.54;4976010.82;24880.05;16586.7
plano_ipca_mais_4;229;20;3;24150.0;23700.0;450.0;16290.16;4992750.99;24963.75;16642.5
plano_ipca_mais_4;230;20;3;24150.0;23700.0;450.0;16344.97;5009545.96;25047.73;16698.49
plano_ipca_mais_4;231;20;3;24150.0;23700.0;450.0;16399.95;5026395.91;25131.98;16754.65
plano_ipca_mais_4;232;20;3;24150.0;23700.0;450.0;16455.11;5043301.02;25216.51;16811.0
plano_ipca_mais_4;233;20;3;24150.0;23700.0;450.0;16510.46;5060261.47;25301.31;16867.54
plano_ipca_mais_4;234;20;3;24150.0;23700.0;450.0;16565.98;5077277.45;25386.39;16924.26
plano_ipca_mais_4;235;20;3;24150.0;23700.0;450.0;16621.69;5094349.14;25471.75;16981.16
plano_ipca_mais_4;236;20;3;24150.0;23700.0;450.0;16677.57;5111476.71;25557.38;17038.26
plano_ipca_mais_4;237;20;3;24150.0;23700.0;450.0;16733.64;5128660.36;25643.3;17095.53
plano_ipca_mais_4;238;20;3;24150.0;23700.0;450.0;16789.9;5145900.25;25729.5;17153.0
plano_ipca_mais_4;239;20;3;24150.0;23700.0;450.0;16846.34;5163196.59;25815.98;17210.66
plano_ipca_mais_4;240;20;3;24150.0;23700.0;450.0;16902.96;5180549.56;25902.75;17268.5
plano_ipca_mais_8;1;1;5;43700.0;23700.0;20000.0;0.0;20000.0;100.0;66.67
plano_ipca_mais_8;2;1;5;43700.0;23700.0;20000.0;128.68;40128.68;200.64;133.76
plano_ipca_mais_8;3;1;5;43700.0;23700.0;20000.0;258.19;60386.87;301.93;201.29
plano_ipca_mais_8;4;1;5;43700.0;23700.0;20000.0;388.53;80775.4;403.88;269.25
plano_ipca_mais_8;5;1;5;43700.0;23700.0;20000.0;519.71;101295.11;506.48;337.65
plano_ipca_mais_8;6;1;5;43700.0;23700.0;20000.0;651.74;121946.85;609.73;406.49
plano_ipca_mais_8;7;1;5;43700.0;23700.0;20000.0;784.61;142731.46;713.66;475.77
plano_ipca_mais_8;8;1;5;43700.0;23700.0;20000.0;918.34;163649.8;818.25;545.5
plano_ipca_mais_8;9;1;5;43700.0;23700.0;20000.0;1052.93;184702.72;923.51;615.68
plano_ipca_mais_8;10;1;5;43700.0;23700.0;20000.0;1188.38;205891.11;1029.46;686.3
plano_ipca_mais_8;11;1;5;43700.0;23700.0;20000.0;1324.71;227215.82;1136.08;757.39
plano_ipca_mais_8;12;1;5;43700.0;23700.0;20000.0;1461.91;248677.73;1243.39;828.93
plano_ipca_mais_8;13;2;5;43700.0;23700.0;20000.0;1600.0;270277.73;1351.39;900.93
plano_ipca_mais_8;14;2;5;43700.0;23700.0;20000.0;1738.98;292016.7;1460.08;973.39
plano_ipca_mais_8;15;2;5;43700.0;23700.0;20000.0;1878.84;313895.55;1569.48;1046.32
plano_ipca_mais_8;16;2;5;43700.0;23700.0;20000.0;2019.61;335915.16;1679.58;1119.72
plano_ipca_mais_8;17;2;5;43700.0;23700.0;20000.0;2161.29;358076.45;1790.38;1193.59
plano_ipca_mais_8;18;2;5;43700.0;23700.0;20000.0;2303.87;380380.33;1901.9;1267.93
plano_ipca_mais_8;19;2;5;43700.0;23700.0;20000.0;2447.38;402827.7;2014.14;1342.76
plano_ipca_mais_8;20;2;5;43700.0;23700.0;20000.0;2591.81;425419.51;2127.1;1418.07
plano_ipca_mais_8;21;2;5;43700.0;23700.0;20000.0;2737.16;448156.67;2240.78;1493.86
plano_ipca_mais_8;22;2;5;43700.0;23700.0;20000.0;2883.45;471040.12;2355.2;1570.13
plano_ipca_mais_8;23;2;5;43700.0;23700.0;20000.0;3030.69;494070.81;2470.35;1646.9
plano_ipca_mais_8;24;2;5;43700.0;23700.0;20000.0;3178.87;517249.68;2586.25;1724.17
plano_ipca_mais_8;25;3;5;43700.0;23700.0;20000.0;3328.0;540577.68;2702.89;1801.93
plano_ipca_mais_8;26;3;5;43700.0;23700.0;20000.0;3478.09;564055.77;2820.28;1880.19
plano_ipca_mais_8;27;3;5;43700.0;23700.0;20000.0;3629.15;587684.92;2938.42;1958.95
plano_ipca_mais_8;28;3;5;43700.0;23700.0;20000.0;3781.18;611466.1;3057.33;2038.22
plano_ipca_mais_8;29;3;5;43700.0;23700.0;20000.0;3934.19;635400.3;3177.0;2118.0
plano_ipca_mais_8;30;3;5;43700.0;23700.0;20000.0;4088.18;659488.48;3297.44;2198.29
plano_ipca_mais_8;31;3;5;43700.0;23700.0;20000.0;4243.17;683731.65;3418.66;2279.11
plano_ipca_mais_8;32;3;5;43700.0;23700.0;20000.0;4399.15;708130.8;3540.65;2360.44
plano_ipca_mais_8;33;3;5;43700.0;23700.0;20000.0;4556.13;732686.93;3663.43;2442.29
plano_ipca_mais_8;34;3;5;43700.0;23700.0;20000.0;4714.13;757401.06;3787.01;2524.67
plano_ipca_mais_8;35;3;5;43700.0;23700.0;20000.0;4873.14;782274.21;3911.37;2607.58
plano_ipca_mais_8;36;3;5;43700.0;23700.0;20000.0;5033.18;807307.38;4036.54;2691.02
plano_ipca_mais_8;37;4;5;43700.0;23700.0;20000.0;5194.24;832501.62;4162.51;2775.01
plano_ipca_mais_8;38;4;5;43700.0;23700.0;20000.0;5356.34;857857.96;4289.29;2859.53
plano_ipca_mais_8;39;4;5;43700.0;23700.0;20000.0;5519.48;883377.45;4416.89;2944.59
plano_ipca_mais_8;40;4;5;43700.0;23700.0;20000.0;5683.68;909061.12;4545.31;3030.2
plano_ipca_mais_8;41;4;5;43700.0;23700.0;20000.0;5848.93;934910.05;4674.55;3116.37
plano_ipca_mais_8;42;4;5;43700.0;23700.0;20000.0;6015.24;960925.29;4804.63;3203.08
plano_ipca_mais_8;43;4;5;43700.0;23700.0;20000.0;6182.62;987107.91;4935.54;3290.36
plano_ipca_mais_8;44;4;5;43700.0;23700.0;20000.0;6351.08;1013458.99;5067.29;3378.2
plano_ipca_mais_8;45;4;5;43700.0;23700.0;20000.0;6520.63;1039979.62;5199.9;3466.6
plano_ipca_mais_8;46;4;5;43700.0;23700.0;20000.0;6691.26;1066670.88;5333.35;3555.57
plano_ipca_mais_8;47;4;5;43700.0;23700.0;20000.0;6862.99;1093533.87;5467.67;3645.11
plano_ipca_mais_8;48;4;5;43700.0;23700.0;20000.0;7035.83;1120569.7;5602.85;3735.23
plano_ipca_mais_8;49;5;5;43700.0;23700.0;20000.0;7209.78;1147779.48;5738.9;3825.93
plano_ipca_mais_8;50;5;5;43700.0;23700.0;20000.0;7384.85;1175164.33;5875.82;3917.21
plano_ipca_mais_8;51;5;5;43700.0;23700.0;20000.0;7561.04;1202725.37;6013.63;4009.08
plano_ipca_mais_8;52;5;5;43700.0;23700.0;20000.0;7738.37;1230463.74;6152.32;4101.55
plano_ipca_mais_8;53;5;5;43700.0;23700.0;20000.0;7916.84;1258380.58;6291.9;4194.6
plano_ipca_mais_8;54;5;5;43700.0;23700.0;20000.0;8096.46;1286477.04;6432.39;4288.26
plano_ipca_mais_8;55;5;5;43700.0;23700.0;20000.0;8277.23;1314754.27;6573.77;4382.51
plano_ipca_mais_8;56;5;5;43700.0;23700.0;20000.0;8459.17;1343213.44;6716.07;4477.38
plano_ipca_mais_8;57;5;5;43700.0;23700.0;20000.0;8642.28;1371855.72;6859.28;4572.85
plano_ipca_mais_8;58;5;5;43700.0;23700.0;20000.0;8826.56;1400682.28;7003.41;4668.94
plano_ipca_mais_8;59;5;5;43700.0;23700.0;20000.0;9012.03;1429694.31;7148.47;4765.65
plano_ipca_mais_8;60;5;5;43700.0;23700.0;20000.0;9198.7;1458893.01;7294.47;4862.98
plano_ipca_mais_8;61;6;5;43700.0;23700.0;20000.0;9386.56;1488279.57;7441.4;4960.93
plano_ipca_mais_8;62;6;5;43700.0;23700.0;20000.0;9575.64;1517855.2;7589.28;5059.52
plano_ipca_mais_8;63;6;5;43700.0;23700.0;20000.0;9765.93;1547621.13;7738.11;5158.74
plano_ipca_mais_8;64;6;5;43700.0;23700.0;20000.0;9957.44;1577578.57;7887.89;5258.6
plano_ipca_mais_8;65;6;5;43700.0;23700.0;20000.0;10150.19;1607728.76;8038.64;5359.1
plano_ipca_mais_8;66;6;5;43700.0;23700.0;20000.0;10344.18;1638072.93;8190.36;5460.24
plano_ipca_mais_8;67;6;5;43700.0;23700.0;20000.0;10539.41;1668612.35;8343.06;5562.04
plano_ipca_mais_8;68;6;5;43700.0;23700.0;20000.0;10735.9;1699348.25;8496.74;5664.49
plano_ipca_mais_8;69;6;5;43700.0;23700.0;20000.0;10933.66;1730281.91;8651.41;5767.61
plano_ipca_mais_8;70;6;5;43700.0;23700.0;20000.0;11132.69;1761414.59;8807.07;5871.38
plano_ipca_mais_8;71;6;5;43700.0;23700.0;20000.0;11332.99;1792747.59;8963.74;5975.83
plano_ipca_mais_8;72;6;5;43700.0;23700.0;20000.0;11534.59;1824282.18;9121.41;6080.94
plano_ipca_mais_8;73;7;5;43700.0;23700.0;20000.0;11737.49;1856019.66;9280.1;6186.73
plano_ipca_mais_8;74;7;5;43700.0;23700.0;20000.0;11941.69;1887961.35;9439.81;6293.2
plano_ipca_mais_8;75;7;5;43700.0;23700.0;20000.0;12147.2;1920108.55;9600.54;6400.36
plano_ipca_mais_8;76;7;5;43700.0;23700.0;20000.0;12354.04;1952462.59;9762.31;6508.21
plano_ipca_mais_8;77;7;5;43700.0;23700.0;20000.0;12562.2;1985024.79;9925.12;6616.75
plano_ipca_mais_8;78;7;5;43700.0;23700.0;20000.0;12771.71;2017796.5;10088.98;6725.99
plano_ipca_mais_8;79;7;5;43700.0;23700.0;20000.0;12982.56;2050779.06;10253.9;6835.93
plano_ipca_mais_8;80;7;5;43700.0;23700.0;20000.0;13194.77;2083973.84;10419.87;6946.58
plano_ipca_mais_8;81;7;5;43700.0;23700.0;20000.0;13408.35;2117382.19;10586.91;7057.94
plano_ipca_mais_8;82;7;5;43700.0;23700.0;20000.0;13623.3;2151005.49;10755.03;7170.02
plano_ipca_mais_8;83;7;5;43700.0;23700.0;20000.0;13839.63;2184845.12;10924.23;7282.82
plano_ipca_mais_8;84;7;5;43700.0;23700.0;20000.0;14057.36;2218902.48;11094.51;7396.34
plano_ipca_mais_8;85;8;5;43700.0;23700.0;20000.0;14276.49;2253178.97;11265.89;7510.6
plano_ipca_mais_8;86;8;5;43700.0;23700.0;20000.0;14497.02;2287675.99;11438.38;7625.59
plano_ipca_mais_8;87;8;5;43700.0;23700.0;20000.0;14718.98;2322394.96;11611.97;7741.32
plano_ipca_mais_8;88;8;5;43700.0;23700.0;20000.0;14942.36;2357337.32;11786.69;7857.79
plano_ipca_mais_8;89;8;5;43700.0;23700.0;20000.0;15167.18;2392504.5;11962.52;7975.02
plano_ipca_mais_8;90;8;5;43700.0;23700.0;20000.0;15393.45;2427897.95;12139.49;8092.99
plano_ipca_mais_8;91;8;5;43700.0;23700.0;20000.0;15621.17;2463519.12;12317.6;8211.73
plano_ipca_mais_8;92;8;5;43700.0;23700.0;20000.0;15850.36;2499369.47;12496.85;8331.23
plano_ipca_mais_8;93;8;5;43700.0;23700.0;20000.0;16081.02;2535450.49;12677.25;8451.5
plano_ipca_mais_8;94;8;5;43700.0;23700.0;20000.0;16313.16;2571763.66;12858.82;8572.55
plano_ipca_mais_8;95;8;5;43700.0;23700.0;20000.0;16546.8;2608310.46;13041.55;8694.37
plano_ipca_mais_8;96;8;5;43700.0;23700.0;20000.0;16781.95;2645092.41;13225.46;8816.97
plano_ipca_mais_8;97;9;5;43700.0;23700.0;20000.0;17018.6;2682111.01;13410.56;8940.37
plano_ipca_mais_8;98;9;5;43700.0;23700.0;20000.0;17256.78;2719367.8;13596.84;9064.56
plano_ipca_mais_8;99;9;5;43700.0;23700.0;20000.0;17496.49;2756864.29;13784.32;9189.55
plano_ipca_mais_8;100;9;5;43700.0;23700.0;20000.0;17737.75;2794602.04;13973.01;9315.34
plano_ipca_mais_8;101;9;5;43700.0;23700.0;20000.0;17980.55;2832582.59;14162.91;9441.94
plano_ipca_mais_8;102;9;5;43700.0;23700.0;20000.0;18224.92;2870807.51;14354.04;9569.36
plano_ipca_mais_8;103;9;5;43700.0;23700.0;20000.0;18470.86;2909278.38;14546.39;9697.59
plano_ipca_mais_8;104;9;5;43700.0;23700.0;20000.0;18718.38;2947996.76;14739.98;9826.66
plano_ipca_mais_8;105;9;5;43700.0;23700.0;20000.0;18967.5;2986964.26;14934.82;9956.55
plano_ipca_mais_8;106;9;5;43700.0;23700.0;20000.0;19218.22;3026182.48;15130.91;10087.27
plano_ipca_mais_8;107;9;5;43700.0;23700.0;20000.0;19470.55;3065653.03;15328.27;10218.84
plano_ipca_mais_8;108;9;5;43700.0;23700.0;20000.0;19724.5;3105377.53;15526.89;10351.26
plano_ipca_mais_8;109;10;5;43700.0;23700.0;20000.0;19980.09;3145357.62;15726.79;10484.53
plano_ipca_mais_8;110;10;5;43700.0;23700.0;20000.0;20237.33;3185594.95;15927.97;10618.65
plano_ipca_mais_8;111;10;5;43700.0;23700.0;20000.0;20496.21;3226091.16;16130.46;10753.64
plano_ipca_mais_8;112;10;5;43700.0;23700.0;20000.0;20756.77;3266847.93;16334.24;10889.49
plano_ipca_mais_8;113;10;5;43700.0;23700.0;20000.0;21019.0;3307866.93;16539.33;11026.22
plano_ipca_mais_8;114;10;5;43700.0;23700.0;20000.0;21282.92;3349149.84;16745.75;11163.83
plano_ipca_mais_8;115;10;5;43700.0;23700.0;20000.0;21548.53;3390698.38;16953.49;11302.33
plano_ipca_mais_8;116;10;5;43700.0;23700.0;20000.0;21815.86;3432514.23;17162.57;11441.71
plano_ipca_mais_8;117;10;5;43700.0;23700.0;20000.0;22084.9;3474599.13;17373.0;11582.0
plano_ipca_mais_8;118;10;5;43700.0;23700.0;20000.0;22355.68;3516954.81;17584.77;11723.18
plano_ipca_mais_8;119;10;5;43700.0;23700.0;20000.0;22628.19;3559583.0;17797.91;11865.28
plano_ipca_mais_8;120;10;5;43700.0;23700.0;20000.0;22902.46;3602485.46;18012.43;12008.28
plano_ipca_mais_8;121;11;4;33733.33;23700.0;10033.33;23178.5;3635697.3;18178.49;12118.99
plano_ipca_mais_8;122;11;4;33733.33;23700.0;10033.33;23392.19;3669122.82;18345.61;12230.41
plano_ipca_mais_8;123;11;4;33733.33;23700.0;10033.33;23607.25;3702763.4;18513.82;12342.54
plano_ipca_mais_8;124;11;4;33733.33;23700.0;10033.33;23823.69;3736620.42;18683.1;12455.4
plano_ipca_mais_8;125;11;4;33733.33;23700.0;10033.33;24041.53;3770695.28;18853.48;12568.98
plano_ipca_mais_8;126;11;4;33733.33;23700.0;10033.33;24260.77;3804989.38;19024.95;12683.3
plano_ipca_mais_8;127;11;4;33733.33;23700.0;10033.33;24481.42;3839504.13;19197.52;12798.35
plano_ipca_mais_8;128;11;4;33733.33;23700.0;10033.33;24703.49;3874240.95;19371.2;12914.14
plano_ipca_mais_8;129;11;4;33733.33;23700.0;10033.33;24926.98;3909201.27;19546.01;13030.67
plano_ipca_mais_8;130;11;4;33733.33;23700.0;10033.33;25151.92;3944386.52;19721.93;13147.96
plano_ipca_mais_8;131;11;4;33733.33;23700.0;10033.33;25378.3;3979798.15;19898.99;13265.99
plano_ipca_mais_8;132;11;4;33733.33;23700.0;10033.33;25606.14;4015437.63;20077.19;13384.79
plano_ipca_mais_8;133;12;4;33733.33;23700.0;10033.33;25835.45;4051306.41;20256.53;13504.35
plano_ipca_mais_8;134;12;4;33733.33;23700.0;10033.33;26066.23;4087405.97;20437.03;13624.69
plano_ipca_mais_8;135;12;4;33733.33;23700.0;10033.33;26298.49;4123737.8;20618.69;13745.79
plano_ipca_mais_8;136;12;4;33733.33;23700.0;10033.33;26532.25;4160303.38;20801.52;13867.68
plano_ipca_mais_8;137;12;4;33733.33;23700.0;10033.33;26767.52;4197104.23;20985.52;13990.35
plano_ipca_mais_8;138;12;4;33733.33;23700.0;10033.33;27004.3;4234141.86;21170.71;14113.81
plano_ipca_mais_8;139;12;4;33733.33;23700.0;10033.33;27242.6;4271417.79;21357.09;14238.06
plano_ipca_mais_8;140;12;4;33733.33;23700.0;10033.33;27482.43;4308933.55;21544.67;14363.11
plano_ipca_mais_8;141;12;4;33733.33;23700.0;10033.33;27723.81;4346690.7;21733.45;14488.97
plano_ipca_mais_8;142;12;4;33733.33;23700.0;10033.33;27966.74;4384690.77;21923.45;14615.64
plano_ipca_mais_8;143;12;4;33733.33;23700.0;10033.33;28211.23;4422935.33;22114.68;14743.12
plano_ipca_mais_8;144;12;4;33733.33;23700.0;10033.33;28457.3;4461425.97;22307.13;14871.42
plano_ipca_mais_8;145;13;4;33733.33;23700.0;10033.33;28704.95;4500164.25;22500.82;15000.55
plano_ipca_mais_8;146;13;4;33733.33;23700.0;10033.33;28954.19;4539151.77;22695.76;15130.51
plano_ipca_mais_8;147;13;4;33733.33;23700.0;10033.33;29205.04;4578390.15;22891.95;15261.3
plano_ipca_mais_8;148;13;4;33733.33;23700.0;10033.33;29457.5;4617880.98;23089.4;15392.94
plano_ipca_mais_8;149;13;4;33733.33;23700.0;10033.33;29711.59;4657625.9;23288.13;15525.42
plano_ipca_mais_8;150;13;4;33733.33;23700.0;10033.33;29967.31;4697626.54;23488.13;15658.76
plano_ipca_mais_8;151;13;4;33733.33;23700.0;10033.33;30224.67;4737884.54;23689.42;15792.95
plano_ipca_mais_8;152;13;4;33733.33;23700.0;10033.33;30483.69;4778401.57;23892.01;15928.01
plano_ipca_mais_8;153;13;4;33733.33;23700.0;10033.33;30744.38;4819179.28;24095.9;16063.93
plano_ipca_mais_8;154;13;4;33733.33;23700.0;10033.33;31006.74;4860219.36;24301.1;16200.73
plano_ipca_mais_8;155;13;4;33733.33;23700.0;10033.33;31270.8;4901523.49;24507.62;16338.41
plano_ipca_mais_8;156;13;4;33733.33;23700.0;10033.33;31536.55;4943093.37;24715.47;16476.98
plano_ipca_mais_8;157;14;4;33733.33;23700.0;10033.33;31804.01;4984930.72;24924.65;16616.44
plano_ipca_mais_8;158;14;4;33733.33;23700.0;10033.33;32073.19;5027037.24;25135.19;16756.79
plano_ipca_mais_8;159;14;4;33733.33;23700.0;10033.33;32344.11;5069414.69;25347.07;16898.05
plano_ipca_mais_8;160;14;4;33733.33;23700.0;10033.33;32616.77;5112064.79;25560.32;17040.22
plano_ipca_mais_8;161;14;4;33733.33;23700.0;10033.33;32891.18;5154989.3;25774.95;17183.3
plano_ipca_mais_8;162;14;4;33733.33;23700.0;10033.33;33167.36;5198189.99;25990.95;17327.3
plano_ipca_mais_8;163;14;4;33733.33;23700.0;10033.33;33445.31;5241668.63;26208.34;17472.23
plano_ipca_mais_8;164;14;4;33733.33;23700.0;10033.33;33725.05;5285427.02;26427.14;17618.09
plano_ipca_mais_8;165;14;4;33733.33;23700.0;10033.33;34006.6;5329466.95;26647.33;17764.89
plano_ipca_mais_8;166;14;4;33733.33;23700.0;10033.33;34289.95;5373790.23;26868.95;17912.63
plano_ipca_mais_8;167;14;4;33733.33;23700.0;10033.33;34575.13;5418398.7;27091.99;18061.33
plano_ipca_mais_8;168;14;4;33733.33;23700.0;10033.33;34862.14;5463294.17;27316.47;18210.98
plano_ipca_mais_8;169;15;4;33733.33;23700.0;10033.33;35151.0;5508478.5;27542.39;18361.6
plano_ipca_mais_8;170;15;4;33733.33;23700.0;10033.33;35441.72;5553953.55;27769.77;18513.18
plano_ipca_mais_8;171;15;4;33733.33;23700.0;10033.33;35734.3;5599721.19;27998.61;18665.74
plano_ipca_mais_8;172;15;4;33733.33;23700.0;10033.33;36028.77;5645783.3;28228.92;18819.28
plano_ipca_mais_8;173;15;4;33733.33;23700.0;10033.33;36325.14;5692141.77;28460.71;18973.81
plano_ipca_mais_8;174;15;4;33733.33;23700.0;10033.33;36623.41;5738798.52;28693.99;19129.33
plano_ipca_mais_8;175;15;4;33733.33;23700.0;10033.33;36923.6;5785755.45;28928.78;19285.85
plano_ipca_mais_8;176;15;4;33733.33;23700.0;10033.33;37225.72;5833014.51;29165.07;19443.38
plano_ipca_mais_8;177;15;4;33733.33;23700.0;10033.33;37529.79;5880577.63;29402.89;19601.93
plano_ipca_mais_8;178;15;4;33733.33;23700.0;10033.33;37835.81;5928446.78;29642.23;19761.49
plano_ipca_mais_8;179;15;4;33733.33;23700.0;10033.33;38143.81;5976623.92;29883.12;19922.08
plano_ipca_mais_8;180;15;4;33733.33;23700.0;10033.33;38453.78;6025111.03;30125.56;20083.7
plano_ipca_mais_8;181;16;3;24150.0;23700.0;450.0;38765.75;6064326.78;30321.63;20214.42
plano_ipca_mais_8;182;16;3;24150.0;23700.0;450.0;39018.06;6103794.84;30518.97;20345.98
plano_ipca_mais_8;183;16;3;24150.0;23700.0;450.0;39272.0;6143516.84;30717.58;20478.39
plano_ipca_mais_8;184;16;3;24150.0;23700.0;450.0;39527.57;6183494.41;30917.47;20611.65
plano_ipca_mais_8;185;16;3;24150.0;23700.0;450.0;39784.79;6223729.2;31118.65;20745.76
plano_ipca_mais_8;186;16;3;24150.0;23700.0;450.0;40043.66;6264222.86;31321.11;20880.74
plano_ipca_mais_8;187;16;3;24150.0;23700.0;450.0;40304.2;6304977.06;31524.89;21016.59
plano_ipca_mais_8;188;16;3;24150.0;23700.0;450.0;40566.41;6345993.47;31729.97;21153.31
plano_ipca_mais_8;189;16;3;24150.0;23700.0;450.0;40830.31;6387273.78;31936.37;21290.91
plano_ipca_mais_8;190;16;3;24150.0;23700.0;450.0;41095.91;6428819.7;32144.1;21429.4
plano_ipca_mais_8;191;16;3;24150.0;23700.0;450.0;41363.22;6470632.91;32353.16;21568.78
plano_ipca_mais_8;192;16;3;24150.0;23700.0;450.0;41632.25;6512715.16;32563.58;21709.05
plano_ipca_mais_8;193;17;3;24150.0;23700.0;450.0;41903.01;6555068.17;32775.34;21850.23
plano_ipca_mais_8;194;17;3;24150.0;23700.0;450.0;42175.51;6597693.67;32988.47;21992.31
plano_ipca_mais_8;195;17;3;24150.0;23700.0;450.0;42449.76;6640593.43;33202.97;22135.31
plano_ipca_mais_8;196;17;3;24150.0;23700.0;450.0;42725.78;6683769.21;33418.85;22279.23
plano_ipca_mais_8;197;17;3;24150.0;23700.0;450.0;43003.57;6727222.78;33636.11;22424.08
plano_ipca_mais_8;198;17;3;24150.0;23700.0;450.0;43283.15;6770955.94;33854.78;22569.85
plano_ipca_mais_8;199;17;3;24150.0;23700.0;450.0;43564.53;6814970.47;34074.85;22716.57
plano_ipca_mais_8;200;17;3;24150.0;23700.0;450.0;43847.73;6859268.2;34296.34;22864.23
plano_ipca_mais_8;201;17;3;24150.0;23700.0;450.0;44132.74;6903850.93;34519.25;23012.84
plano_ipca_mais_8;202;17;3;24150.0;23700.0;450.0;44419.58;6948720.52;34743.6;23162.4
plano_ipca_mais_8;203;17;3;24150.0;23700.0;450.0;44708.28;6993878.8;34969.39;23312.93
plano_ipca_mais_8;204;17;3;24150.0;23700.0;450.0;44998.83;7039327.62;35196.64;23464.43
plano_ipca_mais_8;205;18;3;24150.0;23700.0;450.0;45291.25;7085068.87;35425.34;23616.9
plano_ipca_mais_8;206;18;3;24150.0;23700.0;450.0;45585.55;7131104.42;35655.52;23770.35
plano_ipca_mais_8;207;18;3;24150.0;23700.0;450.0;45881.74;7177436.16;35887.18;23924.79
plano_ipca_mais_8;208;18;3;24150.0;23700.0;450.0;46179.84;7224066.0;36120.33;24080.22
plano_ipca_mais_8;209;18;3;24150.0;23700.0;450.0;46479.86;7270995.85;36354.98;24236.65
plano_ipca_mais_8;210;18;3;24150.0;23700.0;450.0;46781.81;7318227.66;36591.14;24394.09
plano_ipca_mais_8;211;18;3;24150.0;23700.0;450.0;47085.7;7365763.36;36828.82;24552.54
plano_ipca_mais_8;212;18;3;24150.0;23700.0;450.0;47391.54;7413604.9;37068.02;24712.02
plano_ipca_mais_8;213;18;3;24150.0;23700.0;450.0;47699.36;7461754.26;37308.77;24872.51
plano_ipca_mais_8;214;18;3;24150.0;23700.0;450.0;48009.15;7510213.41;37551.07;25034.04
plano_ipca_mais_8;215;18;3;24150.0;23700.0;450.0;48320.94;7558984.35;37794.92;25196.61
plano_ipca_mais_8;216;18;3;24150.0;23700.0;450.0;48634.73;7608069.08;38040.35;25360.23
plano_ipca_mais_8;217;19;3;24150.0;23700.0;450.0;48950.55;7657469.63;38287.35;25524.9
plano_ipca_mais_8;218;19;3;24150.0;23700.0;450.0;49268.39;7707188.02;38535.94;25690.63
plano_ipca_mais_8;219;19;3;24150.0;23700.0;450.0;49588.28;7757226.3;38786.13;25857.42
plano_ipca_mais_8;220;19;3;24150.0;23700.0;450.0;49910.23;7807586.53;39037.93;26025.29
plano_ipca_mais_8;221;19;3;24150.0;23700.0;450.0;50234.25;7858270.77;39291.35;26194.24
plano_ipca_mais_8;222;19;3;24150.0;23700.0;450.0;50560.35;7909281.12;39546.41;26364.27
plano_ipca_mais_8;223;19;3;24150.0;23700.0;450.0;50888.55;7960619.68;39803.1;26535.4
plano_ipca_mais_8;224;19;3;24150.0;23700.0;450.0;51218.87;8012288.54;40061.44;26707.63
plano_ipca_mais_8;225;19;3;24150.0;23700.0;450.0;51551.31;8064289.85;40321.45;26880.97
plano_ipca_mais_8;226;19;3;24150.0;23700.0;450.0;51885.88;8116625.73;40583.13;27055.42
plano_ipca_mais_8;227;19;3;24150.0;23700.0;450.0;52222.61;8169298.35;40846.49;27230.99
plano_ipca_mais_8;228;19;3;24150.0;23700.0;450.0;52561.51;8222309.86;41111.55;27407.7
plano_ipca_mais_8;229;20;3;24150.0;23700.0;450.0;52902.59;8275662.45;41378.31;27585.54
plano_ipca_mais_8;230;20;3;24150.0;23700.0;450.0;53245.86;8329358.31;41646.79;27764.53
plano_ipca_mais_8;231;20;3;24150.0;23700.0;450.0;53591.34;8383399.65;41917.0;27944.67
plano_ipca_mais_8;232;20;3;24150.0;23700.0;450.0;53939.05;8437788.7;42188.94;28125.96
plano_ipca_mais_8;233;20;3;24150.0;23700.0;450.0;54288.99;8492527.68;42462.64;28308.43
plano_ipca_mais_8;234;20;3;24150.0;23700.0;450.0;54641.18;8547618.86;42738.09;28492.06
plano_ipca_mais_8;235;20;3;24150.0;23700.0;450.0;54995.64;8603064.5;43015.32;28676.88
plano_ipca_mais_8;236;20;3;24150.0;23700.0;450.0;55352.38;8658866.87;43294.33;28862.89
plano_ipca_mais_8;237;20;3;24150.0;23700.0;450.0;55711.41;8715028.28;43575.14;29050.09
plano_ipca_mais_8;238;20;3;24150.0;23700.0;450.0;56072.75;8771551.04;43857.76;29238.5
plano_ipca_mais_8;239;20;3;24150.0;23700.0;450.0;56436.42;8828437.46;44142.19;29428.12
plano_ipca_mais_8;240;20;3;24150.0;23700.0;450.0;56802.43;8885689.9;44428.45;29618.97
plano_plantao_metade_ipca;1;1;5;43700.0;23700.0;20000.0;0.0;20000.0;100.0;66.67
plano_plantao_metade_ipca;2;1;5;43700.0;23700.0;20000.0;97.35;40097.35;200.49;133.66
plano_plantao_metade_ipca;3;1;5;43700.0;23700.0;20000.0;195.18;60292.53;301.46;200.98
plano_plantao_metade_ipca;4;1;5;43700.0;23700.0;20000.0;293.48;80586.0;402.93;268.62
plano_plantao_metade_ipca;5;1;5;43700.0;23700.0;20000.0;392.26;100978.26;504.89;336.59
plano_plantao_metade_ipca;6;1;5;43700.0;23700.0;20000.0;491.52;121469.78;607.35;404.9
plano_plantao_metade_ipca;7;1;5;43700.0;23700.0;20000.0;591.26;142061.04;710.31;473.54
plano_plantao_metade_ipca;8;1;5;43700.0;23700.0;20000.0;691.49;162752.53;813.76;542.51
plano_plantao_metade_ipca;9;1;5;43700.0;23700.0;20000.0;792.21;183544.73;917.72;611.82
plano_plantao_metade_ipca;10;1;5;43700.0;23700.0;20000.0;893.41;204438.15;1022.19;681.46
plano_plantao_metade_ipca;11;1;5;43700.0;23700.0;20000.0;995.11;225433.26;1127.17;751.44
plano_plantao_metade_ipca;12;1;5;43700.0;23700.0;20000.0;1097.31;246530.57;1232.65;821.77
plano_plantao_metade_ipca;13;2;5;42659.52;23700.0;18959.52;1200.0;266690.09;1333.45;888.97
plano_plantao_metade_ipca;14;2;5;42659.52;23700.0;18959.52;1298.13;286947.74;1434.74;956.49
plano_plantao_metade_ipca;15;2;5;42659.52;23700.0;18959.52;1396.73;307304.0;1536.52;1024.35
plano_plantao_metade_ipca;16;2;5;42659.52;23700.0;18959.52;1495.82;327759.34;1638.8;1092.53
plano_plantao_metade_ipca;17;2;5;42659.52;23700.0;18959.52;1595.39;348314.25;1741.57;1161.05
plano_plantao_metade_ipca;18;2;5;42659.52;23700.0;18959.52;1695.44;368969.21;1844.85;1229.9
plano_plantao_metade_ipca;19;2;5;42659.52;23700.0;18959.52;1795.98;389724.71;1948.62;1299.08
plano_plantao_metade_ipca;20;2;5;42659.52;23700.0;18959.52;1897.0;410581.24;2052.91;1368.6
plano_plantao_metade_ipca;21;2;5;42659.52;23700.0;18959.52;1998.52;431539.29;2157.7;1438.46
plano_plantao_metade_ipca;22;2;5;42659.52;23700.0;18959.52;2100.54;452599.35;2263.0;1508.66
plano_plantao_metade_ipca;23;2;5;42659.52;23700.0;18959.52;2203.05;473761.92;2368.81;1579.21
plano_plantao_metade_ipca;24;2;5;42659.52;23700.0;18959.52;2306.06;495027.51;2475.14;1650.09
plano_plantao_metade_ipca;25;3;5;41643.82;23700.0;17943.82;2409.57;515380.9;2576.9;1717.94
plano_plantao_metade_ipca;26;3;5;41643.82;23700.0;17943.82;2508.64;535833.36;2679.17;1786.11
plano_plantao_metade_ipca;27;3;5;41643.82;23700.0;17943.82;2608.2;556385.38;2781.93;1854.62
plano_plantao_metade_ipca;28;3;5;41643.82;23700.0;17943.82;2708.23;577037.44;2885.19;1923.46
plano_plantao_metade_ipca;29;3;5;41643.82;23700.0;17943.82;2808.76;597790.02;2988.95;1992.63
plano_plantao_metade_ipca;30;3;5;41643.82;23700.0;17943.82;2909.77;618643.61;3093.22;2062.15
plano_plantao_metade_ipca;31;3;5;41643.82;23700.0;17943.82;3011.28;639598.71;3197.99;2132.0
plano_plantao_metade_ipca;32;3;5;41643.82;23700.0;17943.82;3113.28;660655.81;3303.28;2202.19
plano_plantao_metade_ipca;33;3;5;41643.82;23700.0;17943.82;3215.78;681815.41;3409.08;2272.72
plano_plantao_metade_ipca;34;3;5;41643.82;23700.0;17943.82;3318.77;703078.0;3515.39;2343.59
plano_plantao_metade_ipca;35;3;5;41643.82;23700.0;17943.82;3422.27;724444.09;3622.22;2414.81
plano_plantao_metade_ipca;36;3;5;41643.82;23700.0;17943.82;3526.27;745914.18;3729.57;2486.38
plano_plantao_metade_ipca;37;4;5;40652.3;23700.0;16952.3;3630.77;766497.25;3832.49;2554.99
plano_plantao_metade_ipca;38;4;5;40652.3;23700.0;16952.3;3730.96;787180.52;3935.9;2623.94
plano_plantao_metade_ipca;39;4;5;40652.3;23700.0;16952.3;3831.64;807964.46;4039.82;2693.21
plano_plantao_metade_ipca;40;4;5;40652.3;23700.0;16952.3;3932.81;828849.57;4144.25;2762.83
plano_plantao_metade_ipca;41;4;5;40652.3;23700.0;16952.3;4034.47;849836.34;4249.18;2832.79
plano_plantao_metade_ipca;42;4;5;40652.3;23700.0;16952.3;4136.62;870925.26;4354.63;2903.08
plano_plantao_metade_ipca;43;4;5;40652.3;23700.0;16952.3;4239.27;892116.83;4460.58;2973.72
plano_plantao_metade_ipca;44;4;5;40652.3;23700.0;16952.3;4342.42;913411.56;4567.06;3044.71
plano_plantao_metade_ipca;45;4;5;40652.3;23700.0;16952.3;4446.08;934809.94;4674.05;3116.03
plano_plantao_metade_ipca;46;4;5;40652.3;23700.0;16952.3;4550.23;956312.47;4781.56;3187.71
plano_plantao_metade_ipca;47;4;5;40652.3;23700.0;16952.3;4654.9;977919.67;4889.6;3259.73
plano_plantao_metade_ipca;48;4;5;40652.3;23700.0;16952.3;4760.07;999632.05;4998.16;3332.11
plano_plantao_metade_ipca;49;5;5;39684.39;23700.0;15984.39;4865.76;1020482.2;5102.41;3401.61
plano_plantao_metade_ipca;50;5;5;39684.39;23700.0;15984.39;4967.25;1041433.84;5207.17;3471.45
plano_plantao_metade_ipca;51;5;5;39684.39;23700.0;15984.39;5069.23;1062487.46;5312.44;3541.62
plano_plantao_metade_ipca;52;5;5;39684.39;23700.0;15984.39;5171.71;1083643.56;5418.22;3612.15
plano_plantao_metade_ipca;53;5;5;39684.39;23700.0;15984.39;5274.69;1104902.64;5524.51;3683.01
plano_plantao_metade_ipca;54;5;5;39684.39;23700.0;15984.39;5378.17;1126265.2;5631.33;3754.22
plano_plantao_metade_ipca;55;5;5;39684.39;23700.0;15984.39;5482.15;1147731.74;5738.66;3825.77
plano_plantao_metade_ipca;56;5;5;39684.39;23700.0;15984.39;5586.64;1169302.77;5846.51;3897.68
plano_plantao_metade_ipca;57;5;5;39684.39;23700.0;15984.39;5691.64;1190978.8;5954.89;3969.93
plano_plantao_metade_ipca;58;5;5;39684.39;23700.0;15984.39;5797.15;1212760.34;6063.8;4042.53
plano_plantao_metade_ipca;59;5;5;39684.39;23700.0;15984.39;5903.17;1234647.9;6173.24;4115.49
plano_plantao_metade_ipca;60;5;5;39684.39;23700.0;15984.39;6009.71;1256642.0;6283.21;4188.81
plano_plantao_metade_ipca;61;6;5;38739.52;23700.0;15039.52;6116.77;1277798.29;6388.99;4259.33
plano_plantao_metade_ipca;62;6;5;38739.52;23700.0;15039.52;6219.75;1299057.56;6495.29;4330.19
plano_plantao_metade_ipca;63;6;5;38739.52;23700.0;15039.52;6323.23;1320420.31;6602.1;4401.4
plano_plantao_metade_ipca;64;6;5;38739.52;23700.0;15039.52;6427.21;1341887.05;6709.44;4472.96
plano_plantao_metade_ipca;65;6;5;38739.52;23700.0;15039.52;6531.7;1363458.28;6817.29;4544.86
plano_plantao_metade_ipca;66;6;5;38739.52;23700.0;15039.52;6636.7;1385134.5;6925.67;4617.12
plano_plantao_metade_ipca;67;6;5;38739.52;23700.0;15039.52;6742.21;1406916.24;7034.58;4689.72
plano_plantao_metade_ipca;68;6;5;38739.52;23700.0;15039.52;6848.24;1428803.99;7144.02;4762.68
plano_plantao_metade_ipca;69;6;5;38739.52;23700.0;15039.52;6954.78;1450798.29;7253.99;4835.99
plano_plantao_metade_ipca;70;6;5;38739.52;23700.0;15039.52;7061.83;1472899.65;7364.5;4909.67
plano_plantao_metade_ipca;71;6;5;38739.52;23700.0;15039.52;7169.41;1495108.59;7475.54;4983.7
plano_plantao_metade_ipca;72;6;5;38739.52;23700.0;15039.52;7277.52;1517425.63;7587.13;5058.09
plano_plantao_metade_ipca;73;7;5;37817.15;23700.0;14117.15;7386.15;1538928.93;7694.64;5129.76
plano_plantao_metade_ipca;74;7;5;37817.15;23700.0;14117.15;7490.81;1560536.89;7802.68;5201.79
plano_plantao_metade_ipca;75;7;5;37817.15;23700.0;14117.15;7595.99;1582250.04;7911.25;5274.17
plano_plantao_metade_ipca;76;7;5;37817.15;23700.0;14117.15;7701.68;1604068.87;8020.34;5346.9
plano_plantao_metade_ipca;77;7;5;37817.15;23700.0;14117.15;7807.89;1625993.91;8129.97;5419.98
plano_plantao_metade_ipca;78;7;5;37817.15;23700.0;14117.15;7914.61;1648025.68;8240.13;5493.42
plano_plantao_metade_ipca;79;7;5;37817.15;23700.0;14117.15;8021.85;1670164.68;8350.82;5567.22
plano_plantao_metade_ipca;80;7;5;37817.15;23700.0;14117.15;8129.61;1692411.44;8462.06;5641.37
plano_plantao_metade_ipca;81;7;5;37817.15;23700.0;14117.15;8237.9;1714766.49;8573.83;5715.89
plano_plantao_metade_ipca;82;7;5;37817.15;23700.0;14117.15;8346.71;1737230.36;8686.15;5790.77
plano_plantao_metade_ipca;83;7;5;37817.15;23700.0;14117.15;8456.06;1759803.57;8799.02;5866.01
plano_plantao_metade_ipca;84;7;5;37817.15;23700.0;14117.15;8565.93;1782486.66;8912.43;5941.62
plano_plantao_metade_ipca;85;8;5;36916.74;23700.0;13216.74;8676.34;1804379.74;9021.9;6014.6
plano_plantao_metade_ipca;86;8;5;36916.74;23700.0;13216.74;8782.91;1826379.4;9131.9;6087.93
plano_plantao_metade_ipca;87;8;5;36916.74;23700.0;13216.74;8889.99;1848486.14;9242.43;6161.62
plano_plantao_metade_ipca;88;8;5;36916.74;23700.0;13216.74;8997.6;1870700.48;9353.5;6235.67
plano_plantao_metade_ipca;89;8;5;36916.74;23700.0;13216.74;9105.73;1893022.96;9465.11;6310.08
plano_plantao_metade_ipca;90;8;5;36916.74;23700.0;13216.74;9214.38;1915454.09;9577.27;6384.85
plano_plantao_metade_ipca;91;8;5;36916.74;23700.0;13216.74;9323.57;1937994.4;9689.97;6459.98
plano_plantao_metade_ipca;92;8;5;36916.74;23700.0;13216.74;9433.29;1960644.43;9803.22;6535.48
plano_plantao_metade_ipca;93;8;5;36916.74;23700.0;13216.74;9543.54;1983404.71;9917.02;6611.35
plano_plantao_metade_ipca;94;8;5;36916.74;23700.0;13216.74;9654.32;2006275.78;10031.38;6687.59
plano_plantao_metade_ipca;95;8;5;36916.74;23700.0;13216.74;9765.65;2029258.17;10146.29;6764.19
plano_plantao_metade_ipca;96;8;5;36916.74;23700.0;13216.74;9877.52;2052352.44;10261.76;6841.17
plano_plantao_metade_ipca;97;9;5;36037.77;23700.0;12337.77;9989.93;2074680.14;10373.4;6915.6
plano_plantao_metade_ipca;98;9;5;36037.77;23700.0;12337.77;10098.61;2097116.53;10485.58;6990.39
plano_plantao_metade_ipca;99;9;5;36037.77;23700.0;12337.77;10207.82;2119662.12;10598.31;7065.54
plano_plantao_metade_ipca;100;9;5;36037.77;23700.0;12337.77;10317.56;2142317.46;10711.59;7141.06
plano_plantao_metade_ipca;101;9;5;36037.77;23700.0;12337.77;10427.84;2165083.07;10825.42;7216.94
plano_plantao_metade_ipca;102;9;5;36037.77;23700.0;12337.77;10538.65;2187959.5;10939.8;7293.2
plano_plantao_metade_ipca;103;9;5;36037.77;23700.0;12337.77;10650.0;2210947.28;11054.74;7369.82
plano_plantao_metade_ipca;104;9;5;36037.77;23700.0;12337.77;10761.9;2234046.95;11170.23;7446.82
plano_plantao_metade_ipca;105;9;5;36037.77;23700.0;12337.77;10874.34;2257259.06;11286.3;7524.2
plano_plantao_metade_ipca;106;9;5;36037.77;23700.0;12337.77;10987.32;2280584.16;11402.92;7601.95
plano_plantao_metade_ipca;107;9;5;36037.77;23700.0;12337.77;11100.86;2304022.79;11520.11;7680.08
plano_plantao_metade_ipca;108;9;5;36037.77;23700.0;12337.77;11214.95;2327575.51;11637.88;7758.59
plano_plantao_metade_ipca;109;10;5;35179.73;23700.0;11479.73;11329.59;2350384.84;11751.92;7834.62
plano_plantao_metade_ipca;110;10;5;35179.73;23700.0;11479.73;11440.62;2373305.19;11866.53;7911.02
plano_plantao_metade_ipca;111;10;5;35179.73;23700.0;11479.73;11552.18;2396337.1;11981.69;7987.79
plano_plantao_metade_ipca;112;10;5;35179.73;23700.0;11479.73;11664.29;2419481.13;12097.41;8064.94
plano_plantao_metade_ipca;113;10;5;35179.73;23700.0;11479.73;11776.95;2442737.81;12213.69;8142.46
plano_plantao_metade_ipca;114;10;5;35179.73;23700.0;11479.73;11890.15;2466107.69;12330.54;8220.36
plano_plantao_metade_ipca;115;10;5;35179.73;23700.0;11479.73;12003.9;2489591.33;12447.96;8298.64
plano_plantao_metade_ipca;116;10;5;35179.73;23700.0;11479.73;12118.21;2513189.27;12565.95;8377.3
plano_plantao_metade_ipca;117;10;5;35179.73;23700.0;11479.73;12233.08;2536902.08;12684.51;8456.34
plano_plantao_metade_ipca;118;10;5;35179.73;23700.0;11479.73;12348.5;2560730.31;12803.65;8535.77
plano_plantao_metade_ipca;119;10;5;35179.73;23700.0;11479.73;12464.48;2584674.53;12923.37;8615.58
plano_plantao_metade_ipca;120;10;5;35179.73;23700.0;11479.73;12581.03;2608735.29;13043.68;8695.78
plano_plantao_metade_ipca;121;11;4;26509.71;23700.0;2809.71;12698.15;2624243.15;13121.22;8747.48
plano_plantao_metade_ipca;122;11;4;26509.71;23700.0;2809.71;12773.64;2639826.49;13199.13;8799.42
plano_plantao_metade_ipca;123;11;4;26509.71;23700.0;2809.71;12849.49;2655485.69;13277.43;8851.62
plano_plantao_metade_ipca;124;11;4;26509.71;23700.0;2809.71;12925.71;2671221.11;13356.11;8904.07
plano_plantao_metade_ipca;125;11;4;26509.71;23700.0;2809.71;13002.3;2687033.12;13435.17;8956.78
plano_plantao_metade_ipca;126;11;4;26509.71;23700.0;2809.71;13079.27;2702922.09;13514.61;9009.74
plano_plantao_metade_ipca;127;11;4;26509.71;23700.0;2809.71;13156.61;2718888.41;13594.44;9062.96
plano_plantao_metade_ipca;128;11;4;26509.71;23700.0;2809.71;13234.33;2734932.44;13674.66;9116.44
plano_plantao_metade_ipca;129;11;4;26509.71;23700.0;2809.71;13312.42;2751054.57;13755.27;9170.18
plano_plantao_metade_ipca;130;11;4;26509.71;23700.0;2809.71;13390.9;2767255.18;13836.28;9224.18
plano_plantao_metade_ipca;131;11;4;26509.71;23700.0;2809.71;13469.75;2783534.64;13917.67;9278.45
plano_plantao_metade_ipca;132;11;4;26509.71;23700.0;2809.71;13549.0;2799893.34;13999.47;9332.98
plano_plantao_metade_ipca;133;12;4;25878.52;23700.0;2178.52;13628.62;2815700.48;14078.5;9385.67
plano_plantao_metade_ipca;134;12;4;25878.52;23700.0;2178.52;13705.56;2831584.57;14157.92;9438.62
plano_plantao_metade_ipca;135;12;4;25878.52;23700.0;2178.52;13782.88;2847545.98;14237.73;9491.82
plano_plantao_metade_ipca;136;12;4;25878.52;23700.0;2178.52;13860.57;2863585.07;14317.93;9545.28
plano_plantao_metade_ipca;137;12;4;25878.52;23700.0;2178.52;13938.65;2879702.24;14398.51;9599.01
plano_plantao_metade_ipca;138;12;4;25878.52;23700.0;2178.52;14017.1;2895897.86;14479.49;9652.99
plano_plantao_metade_ipca;139;12;4;25878.52;23700.0;2178.52;14095.93;2912172.31;14560.86;9707.24
plano_plantao_metade_ipca;140;12;4;25878.52;23700.0;2178.52;14175.15;2928525.98;14642.63;9761.75
plano_plantao_metade_ipca;141;12;4;25878.52;23700.0;2178.52;14254.75;2944959.25;14724.8;9816.53
plano_plantao_metade_ipca;142;12;4;25878.52;23700.0;2178.52;14334.74;2961472.51;14807.36;9871.58
plano_plantao_metade_ipca;143;12;4;25878.52;23700.0;2178.52;14415.12;2978066.15;14890.33;9926.89
plano_plantao_metade_ipca;144;12;4;25878.52;23700.0;2178.52;14495.89;2994740.57;14973.7;9982.47
plano_plantao_metade_ipca;145;13;4;25262.37;23700.0;1562.37;14577.05;3010879.98;15054.4;10036.27
plano_plantao_metade_ipca;146;13;4;25262.37;23700.0;1562.37;14655.61;3027097.96;15135.49;10090.33
plano_plantao_metade_ipca;147;13;4;25262.37;23700.0;1562.37;14734.55;3043394.88;15216.97;10144.65
plano_plantao_metade_ipca;148;13;4;25262.37;23700.0;1562.37;14813.88;3059771.13;15298.86;10199.24
plano_plantao_metade_ipca;149;13;4;25262.37;23700.0;1562.37;14893.59;3076227.09;15381.14;10254.09
plano_plantao_metade_ipca;150;13;4;25262.37;23700.0;1562.37;14973.69;3092763.15;15463.82;10309.21
plano_plantao_metade_ipca;151;13;4;25262.37;23700.0;1562.37;15054.18;3109379.7;15546.9;10364.6
plano_plantao_metade_ipca;152;13;4;25262.37;23700.0;1562.37;15135.06;3126077.13;15630.39;10420.26
plano_plantao_metade_ipca;153;13;4;25262.37;23700.0;1562.37;15216.34;3142855.83;15714.28;10476.19
plano_plantao_metade_ipca;154;13;4;25262.37;23700.0;1562.37;15298.01;3159716.21;15798.58;10532.39
plano_plantao_metade_ipca;155;13;4;25262.37;23700.0;1562.37;15380.08;3176658.66;15883.29;10588.86
plano_plantao_metade_ipca;156;13;4;25262.37;23700.0;1562.37;15462.55;3193683.57;15968.42;10645.61
plano_plantao_metade_ipca;157;14;4;24660.88;23700.0;960.88;15545.42;3210189.87;16050.95;10700.63
plano_plantao_metade_ipca;158;14;4;24660.88;23700.0;960.88;15625.76;3226776.51;16133.88;10755.92
plano_plantao_metade_ipca;159;14;4;24660.88;23700.0;960.88;15706.5;3243443.89;16217.22;10811.48
plano_plantao_metade_ipca;160;14;4;24660.88;23700.0;960.88;15787.63;3260192.4;16300.96;10867.31
plano_plantao_metade_ipca;161;14;4;24660.88;23700.0;960.88;15869.15;3277022.44;16385.11;10923.41
plano_plantao_metade_ipca;162;14;4;24660.88;23700.0;960.88;15951.07;3293934.39;16469.67;10979.78
plano_plantao_metade_ipca;163;14;4;24660.88;23700.0;960.88;16033.39;3310928.67;16554.64;11036.43
plano_plantao_metade_ipca;164;14;4;24660.88;23700.0;960.88;16116.11;3328005.66;16640.03;11093.35
plano_plantao_metade_ipca;165;14;4;24660.88;23700.0;960.88;16199.24;3345165.78;16725.83;11150.55
plano_plantao_metade_ipca;166;14;4;24660.88;23700.0;960.88;16282.76;3362409.43;16812.05;11208.03
plano_plantao_metade_ipca;167;14;4;24660.88;23700.0;960.88;16366.7;3379737.01;16898.69;11265.79
plano_plantao_metade_ipca;168;14;4;24660.88;23700.0;960.88;16451.04;3397148.93;16985.74;11323.83
plano_plantao_metade_ipca;169;15;4;24073.72;23700.0;373.72;16535.79;3414058.45;17070.29;11380.19
plano_plantao_metade_ipca;170;15;4;24073.72;23700.0;373.72;16618.1;3431050.27;17155.25;11436.83
plano_plantao_metade_ipca;171;15;4;24073.72;23700.0;373.72;16700.81;3448124.8;17240.62;11493.75
plano_plantao_metade_ipca;172;15;4;24073.72;23700.0;373.72;16783.92;3465282.44;17326.41;11550.94
plano_plantao_metade_ipca;173;15;4;24073.72;23700.0;373.72;16867.44;3482523.6;17412.62;11608.41
plano_plantao_metade_ipca;174;15;4;24073.72;23700.0;373.72;16951.36;3499848.67;17499.24;11666.16
plano_plantao_metade_ipca;175;15;4;24073.72;23700.0;373.72;17035.69;3517258.08;17586.29;11724.19
plano_plantao_metade_ipca;176;15;4;24073.72;23700.0;373.72;17120.43;3534752.23;17673.76;11782.51
plano_plantao_metade_ipca;177;15;4;24073.72;23700.0;373.72;17205.59;3552331.54;17761.66;11841.11
plano_plantao_metade_ipca;178;15;4;24073.72;23700.0;373.72;17291.15;3569996.41;17849.98;11899.99
plano_plantao_metade_ipca;179;15;4;24073.72;23700.0;373.72;17377.14;3587747.27;17938.74;11959.16
plano_plantao_metade_ipca;180;15;4;24073.72;23700.0;373.72;17463.54;3605584.53;18027.92;12018.62
plano_plantao_metade_ipca;181;16;3;16824.25;23700.0;-6875.75;17550.37;3616259.14;18081.3;12054.2
plano_plantao_metade_ipca;182;16;3;16824.25;23700.0;-6875.75;17602.32;3626985.71;18134.93;12089.95
plano_plantao_metade_ipca;183;16;3;16824.25;23700.0;-6875.75;17654.54;3637764.49;18188.82;12125.88
plano_plantao_metade_ipca;184;16;3;16824.25;23700.0;-6875.75;17707.0;3648595.74;18242.98;12161.99
plano_plantao_metade_ipca;185;16;3;16824.25;23700.0;-6875.75;17759.72;3659479.71;18297.4;12198.27
plano_plantao_metade_ipca;186;16;3;16824.25;23700.0;-6875.75;17812.7;3670416.66;18352.08;12234.72
plano_plantao_metade_ipca;187;16;3;16824.25;23700.0;-6875.75;17865.94;3681406.85;18407.03;12271.36
plano_plantao_metade_ipca;188;16;3;16824.25;23700.0;-6875.75;17919.43;3692450.53;18462.25;12308.17
plano_plantao_metade_ipca;189;16;3;16824.25;23700.0;-6875.75;17973.19;3703547.97;18517.74;12345.16
plano_plantao_metade_ipca;190;16;3;16824.25;23700.0;-6875.75;18027.21;3714699.42;18573.5;12382.33
plano_plantao_metade_ipca;191;16;3;16824.25;23700.0;-6875.75;18081.49;3725905.15;18629.53;12419.68
plano_plantao_metade_ipca;192;16;3;16824.25;23700.0;-6875.75;18136.03;3737165.43;18685.83;12457.22
plano_plantao_metade_ipca;193;17;3;16423.67;23700.0;-7276.33;18190.84;3748079.94;18740.4;12493.6
plano_plantao_metade_ipca;194;17;3;16423.67;23700.0;-7276.33;18243.97;3759047.58;18795.24;12530.16
plano_plantao_metade_ipca;195;17;3;16423.67;23700.0;-7276.33;18297.35;3770068.61;18850.34;12566.9
plano_plantao_metade_ipca;196;17;3;16423.67;23700.0;-7276.33;18351.0;3781143.27;18905.72;12603.81
plano_plantao_metade_ipca;197;17;3;16423.67;23700.0;-7276.33;18404.91;3792271.85;18961.36;12640.91
plano_plantao_metade_ipca;198;17;3;16423.67;23700.0;-7276.33;18459.07;3803454.59;19017.27;12678.18
plano_plantao_metade_ipca;199;17;3;16423.67;23700.0;-7276.33;18513.51;3814691.77;19073.46;12715.64
plano_plantao_metade_ipca;200;17;3;16423.67;23700.0;-7276.33;18568.21;3825983.65;19129.92;12753.28
plano_plantao_metade_ipca;201;17;3;16423.67;23700.0;-7276.33;18623.17;3837330.48;19186.65;12791.1
plano_plantao_metade_ipca;202;17;3;16423.67;23700.0;-7276.33;18678.4;3848732.55;19243.66;12829.11
plano_plantao_metade_ipca;203;17;3;16423.67;23700.0;-7276.33;18733.9;3860190.12;19300.95;12867.3
plano_plantao_metade_ipca;204;17;3;16423.67;23700.0;-7276.33;18789.67;3871703.46;19358.52;12905.68
plano_plantao_metade_ipca;205;18;3;16032.63;23700.0;-7667.37;18845.71;3882881.81;19414.41;12942.94
plano_plantao_metade_ipca;206;18;3;16032.63;23700.0;-7667.37;18900.12;3894114.56;19470.57;12980.38
plano_plantao_metade_ipca;207;18;3;16032.63;23700.0;-7667.37;18954.8;3905401.99;19527.01;13018.01
plano_plantao_metade_ipca;208;18;3;16032.63;23700.0;-7667.37;19009.74;3916744.36;19583.72;13055.81
plano_plantao_metade_ipca;209;18;3;16032.63;23700.0;-7667.37;19064.95;3928141.94;19640.71;13093.81
plano_plantao_metade_ipca;210;18;3;16032.63;23700.0;-7667.37;19120.43;3939595.0;19697.97;13131.98
plano_plantao_metade_ipca;211;18;3;16032.63;23700.0;-7667.37;19176.18;3951103.81;19755.52;13170.35
plano_plantao_metade_ipca;212;18;3;16032.63;23700.0;-7667.37;19232.2;3962668.63;19813.34;13208.9
plano_plantao_metade_ipca;213;18;3;16032.63;23700.0;-7667.37;19288.49;3974289.75;19871.45;13247.63
plano_plantao_metade_ipca;214;18;3;16032.63;23700.0;-7667.37;19345.06;3985967.44;19929.84;13286.56
plano_plantao_metade_ipca;215;18;3;16032.63;23700.0;-7667.37;19401.9;3997701.97;19988.51;13325.67
plano_plantao_metade_ipca;216;18;3;16032.63;23700.0;-7667.37;19459.02;4009493.61;20047.47;13364.98
plano_plantao_metade_ipca;217;19;3;15650.9;23700.0;-8049.1;19516.41;4020960.93;20104.8;13403.2
plano_plantao_metade_ipca;218;19;3;15650.9;23700.0;-8049.1;19572.23;4032484.06;20162.42;13441.61
plano_plantao_metade_ipca;219;19;3;15650.9;23700.0;-8049.1;19628.32;4044063.28;20220.32;13480.21
plano_plantao_metade_ipca;220;19;3;15650.9;23700.0;-8049.1;19684.68;4055698.86;20278.49;13519.0
plano_plantao_metade_ipca;221;19;3;15650.9;23700.0;-8049.1;19741.32;4067391.08;20336.96;13557.97
plano_plantao_metade_ipca;222;19;3;15650.9;23700.0;-8049.1;19798.23;4079140.21;20395.7;13597.13
plano_plantao_metade_ipca;223;19;3;15650.9;23700.0;-8049.1;19855.42;4090946.54;20454.73;13636.49
plano_plantao_metade_ipca;224;19;3;15650.9;23700.0;-8049.1;19912.89;4102810.33;20514.05;13676.03
plano_plantao_metade_ipca;225;19;3;15650.9;23700.0;-8049.1;19970.64;4114731.86;20573.66;13715.77
plano_plantao_metade_ipca;226;19;3;15650.9;23700.0;-8049.1;20028.67;4126711.43;20633.56;13755.7
plano_plantao_metade_ipca;227;19;3;15650.9;23700.0;-8049.1;20086.98;4138749.31;20693.75;13795.83
plano_plantao_metade_ipca;228;19;3;15650.9;23700.0;-8049.1;20145.57;4150845.78;20754.23;13836.15
plano_plantao_metade_ipca;229;20;3;15278.26;23700.0;-8421.74;20204.45;4162628.49;20813.14;13875.43
plano_plantao_metade_ipca;230;20;3;15278.26;23700.0;-8421.74;20261.8;4174468.55;20872.34;13914.9
plano_plantao_metade_ipca;231;20;3;15278.26;23700.0;-8421.74;20319.44;4186366.25;20931.83;13954.55
plano_plantao_metade_ipca;232;20;3;15278.26;23700.0;-8421.74;20377.35;4198321.86;20991.61;13994.41
plano_plantao_metade_ipca;233;20;3;15278.26;23700.0;-8421.74;20435.54;4210335.66;21051.68;14034.45
plano_plantao_metade_ipca;234;20;3;15278.26;23700.0;-8421.74;20494.02;4222407.95;21112.04;14074.69
plano_plantao_metade_ipca;235;20;3;15278.26;23700.0;-8421.74;20552.78;4234538.99;21172.69;14115.13
plano_plantao_metade_ipca;236;20;3;15278.26;23700.0;-8421.74;20611.83;4246729.08;21233.65;14155.76
plano_plantao_metade_ipca;237;20;3;15278.26;23700.0;-8421.74;20671.17;4258978.51;21294.89;14196.6
plano_plantao_metade_ipca;238;20;3;15278.26;23700.0;-8421.74;20730.79;4271287.56;21356.44;14237.63
plano_plantao_metade_ipca;239;20;3;15278.26;23700.0;-8421.74;20790.71;4283656.53;21418.28;14278.86
plano_plantao_metade_ipca;240;20;3;15278.26;23700.0;-8421.74;20850.91;4296085.71;21480.43;14320.29
plano_plantao_congelado_5a;1;1;5;43700.0;23700.0;20000.0;0.0;20000.0;100.0;66.67
plano_plantao_congelado_5a;2;1;5;43700.0;23700.0;20000.0;97.35;40097.35;200.49;133.66
plano_plantao_congelado_5a;3;1;5;43700.0;23700.0;20000.0;195.18;60292.53;301.46;200.98
plano_plantao_congelado_5a;4;1;5;43700.0;23700.0;20000.0;293.48;80586.0;402.93;268.62
plano_plantao_congelado_5a;5;1;5;43700.0;23700.0;20000.0;392.26;100978.26;504.89;336.59
plano_plantao_congelado_5a;6;1;5;43700.0;23700.0;20000.0;491.52;121469.78;607.35;404.9
plano_plantao_congelado_5a;7;1;5;43700.0;23700.0;20000.0;591.26;142061.04;710.31;473.54
plano_plantao_congelado_5a;8;1;5;43700.0;23700.0;20000.0;691.49;162752.53;813.76;542.51
plano_plantao_congelado_5a;9;1;5;43700.0;23700.0;20000.0;792.21;183544.73;917.72;611.82
plano_plantao_congelado_5a;10;1;5;43700.0;23700.0;20000.0;893.41;204438.15;1022.19;681.46
plano_plantao_congelado_5a;11;1;5;43700.0;23700.0;20000.0;995.11;225433.26;1127.17;751.44
plano_plantao_congelado_5a;12;1;5;43700.0;23700.0;20000.0;1097.31;246530.57;1232.65;821.77
plano_plantao_congelado_5a;13;2;5;41619.05;23700.0;17919.05;1200.0;265649.61;1328.25;885.5
plano_plantao_congelado_5a;14;2;5;41619.05;23700.0;17919.05;1293.06;284861.73;1424.31;949.54
plano_plantao_congelado_5a;15;2;5;41619.05;23700.0;17919.05;1386.58;304167.35;1520.84;1013.89
plano_plantao_congelado_5a;16;2;5;41619.05;23700.0;17919.05;1480.55;323566.95;1617.83;1078.56
plano_plantao_congelado_5a;17;2;5;41619.05;23700.0;17919.05;1574.98;343060.98;1715.3;1143.54
plano_plantao_congelado_5a;18;2;5;41619.05;23700.0;17919.05;1669.87;362649.89;1813.25;1208.83
plano_plantao_congelado_5a;19;2;5;41619.05;23700.0;17919.05;1765.22;382334.15;1911.67;1274.45
plano_plantao_congelado_5a;20;2;5;41619.05;23700.0;17919.05;1861.03;402114.23;2010.57;1340.38
plano_plantao_congelado_5a;21;2;5;41619.05;23700.0;17919.05;1957.31;421990.59;2109.95;1406.64
plano_plantao_congelado_5a;22;2;5;41619.05;23700.0;17919.05;2054.06;441963.7;2209.82;1473.21
plano_plantao_congelado_5a;23;2;5;41619.05;23700.0;17919.05;2151.28;462034.03;2310.17;1540.11
plano_plantao_congelado_5a;24;2;5;41619.05;23700.0;17919.05;2248.97;482202.05;2411.01;1607.34
plano_plantao_congelado_5a;25;3;5;39637.19;23700.0;15937.19;2347.14;500486.38;2502.43;1668.29
plano_plantao_congelado_5a;26;3;5;39637.19;23700.0;15937.19;2436.14;518859.71;2594.3;1729.53
plano_plantao_congelado_5a;27;3;5;39637.19;23700.0;15937.19;2525.58;537322.48;2686.61;1791.07
plano_plantao_congelado_5a;28;3;5;39637.19;23700.0;15937.19;2615.44;555875.11;2779.38;1852.92
plano_plantao_congelado_5a;29;3;5;39637.19;23700.0;15937.19;2705.75;574518.05;2872.59;1915.06
plano_plantao_congelado_5a;30;3;5;39637.19;23700.0;15937.19;2796.5;593251.73;2966.26;1977.51
plano_plantao_congelado_5a;31;3;5;39637.19;23700.0;15937.19;2887.68;612076.6;3060.38;2040.26
plano_plantao_congelado_5a;32;3;5;39637.19;23700.0;15937.19;2979.31;630993.1;3154.97;2103.31
plano_plantao_congelado_5a;33;3;5;39637.19;23700.0;15937.19;3071.39;650001.68;3250.01;2166.67
plano_plantao_congelado_5a;34;3;5;39637.19;23700.0;15937.19;3163.92;669102.79;3345.51;2230.34
plano_plantao_congelado_5a;35;3;5;39637.19;23700.0;15937.19;3256.89;688296.87;3441.48;2294.32
plano_plantao_congelado_5a;36;3;5;39637.19;23700.0;15937.19;3350.32;707584.37;3537.92;2358.61
plano_plantao_congelado_5a;37;4;5;37749.7;23700.0;14049.7;3444.2;725078.28;3625.39;2416.93
plano_plantao_congelado_5a;38;4;5;37749.7;23700.0;14049.7;3529.36;742657.34;3713.29;2475.52
plano_plantao_congelado_5a;39;4;5;37749.7;23700.0;14049.7;3614.92;760321.96;3801.61;2534.41
plano_plantao_congelado_5a;40;4;5;37749.7;23700.0;14049.7;3700.91;778072.57;3890.36;2593.58
plano_plantao_congelado_5a;41;4;5;37749.7;23700.0;14049.7;3787.31;795909.58;3979.55;2653.03
plano_plantao_congelado_5a;42;4;5;37749.7;23700.0;14049.7;3874.13;813833.42;4069.17;2712.78
plano_plantao_congelado_5a;43;4;5;37749.7;23700.0;14049.7;3961.38;831844.49;4159.22;2772.81
plano_plantao_congelado_5a;44;4;5;37749.7;23700.0;14049.7;4049.05;849943.24;4249.72;2833.14
plano_plantao_congelado_5a;45;4;5;37749.7;23700.0;14049.7;4137.14;868130.09;4340.65;2893.77
plano_plantao_congelado_5a;46;4;5;37749.7;23700.0;14049.7;4225.67;886405.46;4432.03;2954.68
plano_plantao_congelado_5a;47;4;5;37749.7;23700.0;14049.7;4314.62;904769.78;4523.85;3015.9
plano_plantao_congelado_5a;48;4;5;37749.7;23700.0;14049.7;4404.01;923223.5;4616.12;3077.41
plano_plantao_congelado_5a;49;5;5;35952.1;23700.0;12252.1;4493.84;939969.43;4699.85;3133.23
plano_plantao_congelado_5a;50;5;5;35952.1;23700.0;12252.1;4575.35;956796.88;4783.98;3189.32
plano_plantao_congelado_5a;51;5;5;35952.1;23700.0;12252.1;4657.26;973706.24;4868.53;3245.69
plano_plantao_congelado_5a;52;5;5;35952.1;23700.0;12252.1;4739.56;990697.9;4953.49;3302.33
plano_plantao_congelado_5a;53;5;5;35952.1;23700.0;12252.1;4822.27;1007772.27;5038.86;3359.24
plano_plantao_congelado_5a;54;5;5;35952.1;23700.0;12252.1;4905.38;1024929.75;5124.65;3416.43
plano_plantao_congelado_5a;55;5;5;35952.1;23700.0;12252.1;4988.9;1042170.75;5210.85;3473.9
plano_plantao_congelado_5a;56;5;5;35952.1;23700.0;12252.1;5072.82;1059495.66;5297.48;3531.65
plano_plantao_congelado_5a;57;5;5;35952.1;23700.0;12252.1;5157.15;1076904.91;5384.52;3589.68
plano_plantao_congelado_5a;58;5;5;35952.1;23700.0;12252.1;5241.89;1094398.9;5471.99;3648.0
plano_plantao_congelado_5a;59;5;5;35952.1;23700.0;12252.1;5327.04;1111978.04;5559.89;3706.59
plano_plantao_congelado_5a;60;5;5;35952.1;23700.0;12252.1;5412.61;1129642.74;5648.21;3765.48
plano_plantao_congelado_5a;61;6;5;34240.09;23700.0;10540.09;5498.59;1145681.43;5728.41;3818.94
plano_plantao_congelado_5a;62;6;5;34240.09;23700.0;10540.09;5576.66;1161798.19;5808.99;3872.66
plano_plantao_congelado_5a;63;6;5;34240.09;23700.0;10540.09;5655.11;1177993.39;5889.97;3926.64
plano_plantao_congelado_5a;64;6;5;34240.09;23700.0;10540.09;5733.94;1194267.43;5971.34;3980.89
plano_plantao_congelado_5a;65;6;5;34240.09;23700.0;10540.09;5813.16;1210620.68;6053.1;4035.4
plano_plantao_congelado_5a;66;6;5;34240.09;23700.0;10540.09;5892.76;1227053.53;6135.27;4090.18
plano_plantao_congelado_5a;67;6;5;34240.09;23700.0;10540.09;5972.75;1243566.37;6217.83;4145.22
plano_plantao_congelado_5a;68;6;5;34240.09;23700.0;10540.09;6053.12;1260159.58;6300.8;4200.53
plano_plantao_congelado_5a;69;6;5;34240.09;23700.0;10540.09;6133.89;1276833.57;6384.17;4256.11
plano_plantao_congelado_5a;70;6;5;34240.09;23700.0;10540.09;6215.05;1293588.71;6467.94;4311.96
plano_plantao_congelado_5a;71;6;5;34240.09;23700.0;10540.09;6296.61;1310425.41;6552.13;4368.08
plano_plantao_congelado_5a;72;6;5;34240.09;23700.0;10540.09;6378.56;1327344.07;6636.72;4424.48
plano_plantao_congelado_5a;73;7;5;34240.09;23700.0;10540.09;6460.91;1344345.08;6721.73;4481.15
plano_plantao_congelado_5a;74;7;5;34240.09;23700.0;10540.09;6543.67;1361428.84;6807.14;4538.1
plano_plantao_congelado_5a;75;7;5;34240.09;23700.0;10540.09;6626.82;1378595.76;6892.98;4595.32
plano_plantao_congelado_5a;76;7;5;34240.09;23700.0;10540.09;6710.38;1395846.23;6979.23;4652.82
plano_plantao_congelado_5a;77;7;5;34240.09;23700.0;10540.09;6794.35;1413180.68;7065.9;4710.6
plano_plantao_congelado_5a;78;7;5;34240.09;23700.0;10540.09;6878.73;1430599.5;7153.0;4768.67
plano_plantao_congelado_5a;79;7;5;34240.09;23700.0;10540.09;6963.52;1448103.11;7240.52;4827.01
plano_plantao_congelado_5a;80;7;5;34240.09;23700.0;10540.09;7048.72;1465691.92;7328.46;4885.64
plano_plantao_congelado_5a;81;7;5;34240.09;23700.0;10540.09;7134.33;1483366.34;7416.83;4944.55
plano_plantao_congelado_5a;82;7;5;34240.09;23700.0;10540.09;7220.36;1501126.8;7505.63;5003.76
plano_plantao_congelado_5a;83;7;5;34240.09;23700.0;10540.09;7306.81;1518973.7;7594.87;5063.25
plano_plantao_congelado_5a;84;7;5;34240.09;23700.0;10540.09;7393.68;1536907.48;7684.54;5123.02
plano_plantao_congelado_5a;85;8;5;34240.09;23700.0;10540.09;7480.97;1554928.54;7774.64;5183.1
plano_plantao_congelado_5a;86;8;5;34240.09;23700.0;10540.09;7568.69;1573037.33;7865.19;5243.46
plano_plantao_congelado_5a;87;8;5;34240.09;23700.0;10540.09;7656.84;1591234.26;7956.17;5304.11
plano_plantao_congelado_5a;88;8;5;34240.09;23700.0;10540.09;7745.41;1609519.77;8047.6;5365.07
plano_plantao_congelado_5a;89;8;5;34240.09;23700.0;10540.09;7834.42;1627894.28;8139.47;5426.31
plano_plantao_congelado_5a;90;8;5;34240.09;23700.0;10540.09;7923.86;1646358.23;8231.79;5487.86
plano_plantao_congelado_5a;91;8;5;34240.09;23700.0;10540.09;8013.73;1664912.06;8324.56;5549.71
plano_plantao_congelado_5a;92;8;5;34240.09;23700.0;10540.09;8104.04;1683556.2;8417.78;5611.85
plano_plantao_congelado_5a;93;8;5;34240.09;23700.0;10540.09;8194.79;1702291.08;8511.46;5674.3
plano_plantao_congelado_5a;94;8;5;34240.09;23700.0;10540.09;8285.99;1721117.17;8605.59;5737.06
plano_plantao_congelado_5a;95;8;5;34240.09;23700.0;10540.09;8377.62;1740034.88;8700.17;5800.12
plano_plantao_congelado_5a;96;8;5;34240.09;23700.0;10540.09;8469.71;1759044.68;8795.22;5863.48
plano_plantao_congelado_5a;97;9;5;34240.09;23700.0;10540.09;8562.24;1778147.02;8890.74;5927.16
plano_plantao_congelado_5a;98;9;5;34240.09;23700.0;10540.09;8655.22;1797342.33;8986.71;5991.14
plano_plantao_congelado_5a;99;9;5;34240.09;23700.0;10540.09;8748.65;1816631.08;9083.16;6055.44
plano_plantao_congelado_5a;100;9;5;34240.09;23700.0;10540.09;8842.54;1836013.72;9180.07;6120.05
plano_plantao_congelado_5a;101;9;5;34240.09;23700.0;10540.09;8936.89;1855490.7;9277.45;6184.97
plano_plantao_congelado_5a;102;9;5;34240.09;23700.0;10540.09;9031.69;1875062.49;9375.31;6250.21
plano_plantao_congelado_5a;103;9;5;34240.09;23700.0;10540.09;9126.96;1894729.54;9473.65;6315.77
plano_plantao_congelado_5a;104;9;5;34240.09;23700.0;10540.09;9222.69;1914492.33;9572.46;6381.64
plano_plantao_congelado_5a;105;9;5;34240.09;23700.0;10540.09;9318.89;1934351.31;9671.76;6447.84
plano_plantao_congelado_5a;106;9;5;34240.09;23700.0;10540.09;9415.55;1954306.96;9771.53;6514.36
plano_plantao_congelado_5a;107;9;5;34240.09;23700.0;10540.09;9512.69;1974359.74;9871.8;6581.2
plano_plantao_congelado_5a;108;9;5;34240.09;23700.0;10540.09;9610.3;1994510.13;9972.55;6648.37
plano_plantao_congelado_5a;109;10;5;34240.09;23700.0;10540.09;9708.38;2014758.6;10073.79;6715.86
plano_plantao_congelado_5a;110;10;5;34240.09;23700.0;10540.09;9806.94;2035105.63;10175.53;6783.69
plano_plantao_congelado_5a;111;10;5;34240.09;23700.0;10540.09;9905.98;2055551.71;10277.76;6851.84
plano_plantao_congelado_5a;112;10;5;34240.09;23700.0;10540.09;10005.5;2076097.3;10380.49;6920.32
plano_plantao_congelado_5a;113;10;5;34240.09;23700.0;10540.09;10105.51;2096742.9;10483.71;6989.14
plano_plantao_congelado_5a;114;10;5;34240.09;23700.0;10540.09;10206.0;2117489.0;10587.44;7058.3
plano_plantao_congelado_5a;115;10;5;34240.09;23700.0;10540.09;10306.98;2138336.08;10691.68;7127.79
plano_plantao_congelado_5a;116;10;5;34240.09;23700.0;10540.09;10408.46;2159284.63;10796.42;7197.62
plano_plantao_congelado_5a;117;10;5;34240.09;23700.0;10540.09;10510.43;2180335.15;10901.68;7267.78
plano_plantao_congelado_5a;118;10;5;34240.09;23700.0;10540.09;10612.89;2201488.13;11007.44;7338.29
plano_plantao_congelado_5a;119;10;5;34240.09;23700.0;10540.09;10715.85;2222744.08;11113.72;7409.15
plano_plantao_congelado_5a;120;10;5;34240.09;23700.0;10540.09;10819.32;2244103.5;11220.52;7480.34
plano_plantao_congelado_5a;121;11;4;26430.95;23700.0;2730.95;10923.29;2257757.73;11288.79;7525.86
plano_plantao_congelado_5a;122;11;4;26430.95;23700.0;2730.95;10989.75;2271478.43;11357.39;7571.59
plano_plantao_congelado_5a;123;11;4;26430.95;23700.0;2730.95;11056.54;2285265.92;11426.33;7617.55
plano_plantao_congelado_5a;124;11;4;26430.95;23700.0;2730.95;11123.65;2299120.51;11495.6;7663.74
plano_plantao_congelado_5a;125;11;4;26430.95;23700.0;2730.95;11191.09;2313042.55;11565.21;7710.14
plano_plantao_congelado_5a;126;11;4;26430.95;23700.0;2730.95;11258.85;2327032.35;11635.16;7756.77
plano_plantao_congelado_5a;127;11;4;26430.95;23700.0;2730.95;11326.95;2341090.25;11705.45;7803.63
plano_plantao_congelado_5a;128;11;4;26430.95;23700.0;2730.95;11395.38;2355216.57;11776.08;7850.72
plano_plantao_congelado_5a;129;11;4;26430.95;23700.0;2730.95;11464.14;2369411.66;11847.06;7898.04
plano_plantao_congelado_5a;130;11;4;26430.95;23700.0;2730.95;11533.23;2383675.84;11918.38;7945.59
plano_plantao_congelado_5a;131;11;4;26430.95;23700.0;2730.95;11602.66;2398009.45;11990.05;7993.36
plano_plantao_congelado_5a;132;11;4;26430.95;23700.0;2730.95;11672.43;2412412.83;12062.06;8041.38
plano_plantao_congelado_5a;133;12;4;26430.95;23700.0;2730.95;11742.54;2426886.32;12134.43;8089.62
plano_plantao_congelado_5a;134;12;4;26430.95;23700.0;2730.95;11812.99;2441430.26;12207.15;8138.1
plano_plantao_congelado_5a;135;12;4;26430.95;23700.0;2730.95;11883.79;2456045.0;12280.22;8186.82
plano_plantao_congelado_5a;136;12;4;26430.95;23700.0;2730.95;11954.92;2470730.87;12353.65;8235.77
plano_plantao_congelado_5a;137;12;4;26430.95;23700.0;2730.95;12026.41;2485488.23;12427.44;8284.96
plano_plantao_congelado_5a;138;12;4;26430.95;23700.0;2730.95;12098.24;2500317.41;12501.59;8334.39
plano_plantao_congelado_5a;139;12;4;26430.95;23700.0;2730.95;12170.42;2515218.79;12576.09;8384.06
plano_plantao_congelado_5a;140;12;4;26430.95;23700.0;2730.95;12242.95;2530192.69;12650.96;8433.98
plano_plantao_congelado_5a;141;12;4;26430.95;23700.0;2730.95;12315.84;2545239.48;12726.2;8484.13
plano_plantao_congelado_5a;142;12;4;26430.95;23700.0;2730.95;12389.08;2560359.51;12801.8;8534.53
plano_plantao_congelado_5a;143;12;4;26430.95;23700.0;2730.95;12462.68;2575553.14;12877.77;8585.18
plano_plantao_congelado_5a;144;12;4;26430.95;23700.0;2730.95;12536.64;2590820.72;12954.1;8636.07
plano_plantao_congelado_5a;145;13;4;26430.95;23700.0;2730.95;12610.95;2606162.62;13030.81;8687.21
plano_plantao_congelado_5a;146;13;4;26430.95;23700.0;2730.95;12685.63;2621579.2;13107.9;8738.6
plano_plantao_congelado_5a;147;13;4;26430.95;23700.0;2730.95;12760.67;2637070.82;13185.35;8790.24
plano_plantao_congelado_5a;148;13;4;26430.95;23700.0;2730.95;12836.08;2652637.85;13263.19;8842.13
plano_plantao_congelado_5a;149;13;4;26430.95;23700.0;2730.95;12911.85;2668280.64;13341.4;8894.27
plano_plantao_congelado_5a;150;13;4;26430.95;23700.0;2730.95;12987.99;2683999.58;13420.0;8946.67
plano_plantao_congelado_5a;151;13;4;26430.95;23700.0;2730.95;13064.5;2699795.04;13498.98;8999.32
plano_plantao_congelado_5a;152;13;4;26430.95;23700.0;2730.95;13141.39;2715667.38;13578.34;9052.22
plano_plantao_congelado_5a;153;13;4;26430.95;23700.0;2730.95;13218.65;2731616.97;13658.08;9105.39
plano_plantao_congelado_5a;154;13;4;26430.95;23700.0;2730.95;13296.28;2747644.21;13738.22;9158.81
plano_plantao_congelado_5a;155;13;4;26430.95;23700.0;2730.95;13374.3;2763749.45;13818.75;9212.5
plano_plantao_congelado_5a;156;13;4;26430.95;23700.0;2730.95;13452.69;2779933.09;13899.67;9266.44
plano_plantao_congelado_5a;157;14;4;26430.95;23700.0;2730.95;13531.46;2796195.51;13980.98;9320.65
plano_plantao_congelado_5a;158;14;4;26430.95;23700.0;2730.95;13610.62;2812537.08;14062.69;9375.12
plano_plantao_congelado_5a;159;14;4;26430.95;23700.0;2730.95;13690.17;2828958.19;14144.79;9429.86
plano_plantao_congelado_5a;160;14;4;26430.95;23700.0;2730.95;13770.1;2845459.24;14227.3;9484.86
plano_plantao_congelado_5a;161;14;4;26430.95;23700.0;2730.95;13850.42;2862040.61;14310.2;9540.14
plano_plantao_congelado_5a;162;14;4;26430.95;23700.0;2730.95;13931.13;2878702.68;14393.51;9595.68
plano_plantao_congelado_5a;163;14;4;26430.95;23700.0;2730.95;14012.23;2895445.86;14477.23;9651.49
plano_plantao_congelado_5a;164;14;4;26430.95;23700.0;2730.95;14093.73;2912270.54;14561.35;9707.57
plano_plantao_congelado_5a;165;14;4;26430.95;23700.0;2730.95;14175.62;2929177.12;14645.89;9763.92
plano_plantao_congelado_5a;166;14;4;26430.95;23700.0;2730.95;14257.92;2946165.98;14730.83;9820.55
plano_plantao_congelado_5a;167;14;4;26430.95;23700.0;2730.95;14340.61;2963237.54;14816.19;9877.46
plano_plantao_congelado_5a;168;14;4;26430.95;23700.0;2730.95;14423.71;2980392.2;14901.96;9934.64
plano_plantao_congelado_5a;169;15;4;26430.95;23700.0;2730.95;14507.21;2997630.36;14988.15;9992.1
plano_plantao_congelado_5a;170;15;4;26430.95;23700.0;2730.95;14591.12;3014952.43;15074.76;10049.84
plano_plantao_congelado_5a;171;15;4;26430.95;23700.0;2730.95;14675.43;3032358.81;15161.79;10107.86
plano_plantao_congelado_5a;172;15;4;26430.95;23700.0;2730.95;14760.16;3049849.92;15249.25;10166.17
plano_plantao_congelado_5a;173;15;4;26430.95;23700.0;2730.95;14845.3;3067426.17;15337.13;10224.75
plano_plantao_congelado_5a;174;15;4;26430.95;23700.0;2730.95;14930.85;3085087.97;15425.44;10283.63
plano_plantao_congelado_5a;175;15;4;26430.95;23700.0;2730.95;15016.82;3102835.74;15514.18;10342.79
plano_plantao_congelado_5a;176;15;4;26430.95;23700.0;2730.95;15103.21;3120669.9;15603.35;10402.23
plano_plantao_congelado_5a;177;15;4;26430.95;23700.0;2730.95;15190.02;3138590.87;15692.95;10461.97
plano_plantao_congelado_5a;178;15;4;26430.95;23700.0;2730.95;15277.25;3156599.07;15783.0;10522.0
plano_plantao_congelado_5a;179;15;4;26430.95;23700.0;2730.95;15364.91;3174694.92;15873.47;10582.32
plano_plantao_congelado_5a;180;15;4;26430.95;23700.0;2730.95;15452.99;3192878.86;15964.39;10642.93
plano_plantao_congelado_5a;181;16;3;18922.16;23700.0;-4777.84;15541.5;3203642.52;16018.21;10678.81
plano_plantao_congelado_5a;182;16;3;18922.16;23700.0;-4777.84;15593.89;3214458.56;16072.29;10714.86
plano_plantao_congelado_5a;183;16;3;18922.16;23700.0;-4777.84;15646.54;3225327.26;16126.64;10751.09
plano_plantao_congelado_5a;184;16;3;18922.16;23700.0;-4777.84;15699.44;3236248.86;16181.24;10787.5
plano_plantao_congelado_5a;185;16;3;18922.16;23700.0;-4777.84;15752.6;3247223.62;16236.12;10824.08
plano_plantao_congelado_5a;186;16;3;18922.16;23700.0;-4777.84;15806.03;3258251.81;16291.26;10860.84
plano_plantao_congelado_5a;187;16;3;18922.16;23700.0;-4777.84;15859.71;3269333.67;16346.67;10897.78
plano_plantao_congelado_5a;188;16;3;18922.16;23700.0;-4777.84;15913.65;3280469.47;16402.35;10934.9
plano_plantao_congelado_5a;189;16;3;18922.16;23700.0;-4777.84;15967.85;3291659.48;16458.3;10972.2
plano_plantao_congelado_5a;190;16;3;18922.16;23700.0;-4777.84;16022.32;3302903.96;16514.52;11009.68
plano_plantao_congelado_5a;191;16;3;18922.16;23700.0;-4777.84;16077.05;3314203.16;16571.02;11047.34
plano_plantao_congelado_5a;192;16;3;18922.16;23700.0;-4777.84;16132.05;3325557.37;16627.79;11085.19
plano_plantao_congelado_5a;193;17;3;18922.16;23700.0;-4777.84;16187.32;3336966.85;16684.83;11123.22
plano_plantao_congelado_5a;194;17;3;18922.16;23700.0;-4777.84;16242.85;3348431.86;16742.16;11161.44
plano_plantao_congelado_5a;195;17;3;18922.16;23700.0;-4777.84;16298.66;3359952.68;16799.76;11199.84
plano_plantao_congelado_5a;196;17;3;18922.16;23700.0;-4777.84;16354.74;3371529.57;16857.65;11238.43
plano_plantao_congelado_5a;197;17;3;18922.16;23700.0;-4777.84;16411.09;3383162.82;16915.81;11277.21
plano_plantao_congelado_5a;198;17;3;18922.16;23700.0;-4777.84;16467.72;3394852.7;16974.26;11316.18
plano_plantao_congelado_5a;199;17;3;18922.16;23700.0;-4777.84;16524.62;3406599.47;17033.0;11355.33
plano_plantao_congelado_5a;200;17;3;18922.16;23700.0;-4777.84;16581.8;3418403.42;17092.02;11394.68
plano_plantao_congelado_5a;201;17;3;18922.16;23700.0;-4777.84;16639.25;3430264.83;17151.32;11434.22
plano_plantao_congelado_5a;202;17;3;18922.16;23700.0;-4777.84;16696.99;3442183.97;17210.92;11473.95
plano_plantao_congelado_5a;203;17;3;18922.16;23700.0;-4777.84;16755.0;3454161.14;17270.81;11513.87
plano_plantao_congelado_5a;204;17;3;18922.16;23700.0;-4777.84;16813.3;3466196.6;17330.98;11553.99
plano_plantao_congelado_5a;205;18;3;18922.16;23700.0;-4777.84;16871.89;3478290.64;17391.45;11594.3
plano_plantao_congelado_5a;206;18;3;18922.16;23700.0;-4777.84;16930.76;3490443.55;17452.22;11634.81
plano_plantao_congelado_5a;207;18;3;18922.16;23700.0;-4777.84;16989.91;3502655.62;17513.28;11675.52
plano_plantao_congelado_5a;208;18;3;18922.16;23700.0;-4777.84;17049.35;3514927.13;17574.64;11716.42
plano_plantao_congelado_5a;209;18;3;18922.16;23700.0;-4777.84;17109.09;3527258.37;17636.29;11757.53
plano_plantao_congelado_5a;210;18;3;18922.16;23700.0;-4777.84;17169.11;3539649.64;17698.25;11798.83
plano_plantao_congelado_5a;211;18;3;18922.16;23700.0;-4777.84;17229.42;3552101.22;17760.51;11840.34
plano_plantao_congelado_5a;212;18;3;18922.16;23700.0;-4777.84;17290.03;3564613.41;17823.07;11882.04
plano_plantao_congelado_5a;213;18;3;18922.16;23700.0;-4777.84;17350.94;3577186.5;17885.93;11923.96
plano_plantao_congelado_5a;214;18;3;18922.16;23700.0;-4777.84;17412.14;3589820.79;17949.1;11966.07
plano_plantao_congelado_5a;215;18;3;18922.16;23700.0;-4777.84;17473.63;3602516.59;18012.58;12008.39
plano_plantao_congelado_5a;216;18;3;18922.16;23700.0;-4777.84;17535.43;3615274.17;18076.37;12050.91
plano_plantao_congelado_5a;217;19;3;18922.16;23700.0;-4777.84;17597.53;3628093.86;18140.47;12093.65
plano_plantao_congelado_5a;218;19;3;18922.16;23700.0;-4777.84;17659.93;3640975.95;18204.88;12136.59
plano_plantao_congelado_5a;219;19;3;18922.16;23700.0;-4777.84;17722.63;3653920.74;18269.6;12179.74
plano_plantao_congelado_5a;220;19;3;18922.16;23700.0;-4777.84;17785.64;3666928.54;18334.64;12223.1
plano_plantao_congelado_5a;221;19;3;18922.16;23700.0;-4777.84;17848.96;3679999.66;18400.0;12266.67
plano_plantao_congelado_5a;222;19;3;18922.16;23700.0;-4777.84;17912.58;3693134.4;18465.67;12310.45
plano_plantao_congelado_5a;223;19;3;18922.16;23700.0;-4777.84;17976.52;3706333.07;18531.67;12354.44
plano_plantao_congelado_5a;224;19;3;18922.16;23700.0;-4777.84;18040.76;3719595.99;18597.98;12398.65
plano_plantao_congelado_5a;225;19;3;18922.16;23700.0;-4777.84;18105.32;3732923.47;18664.62;12443.08
plano_plantao_congelado_5a;226;19;3;18922.16;23700.0;-4777.84;18170.19;3746315.82;18731.58;12487.72
plano_plantao_congelado_5a;227;19;3;18922.16;23700.0;-4777.84;18235.38;3759773.36;18798.87;12532.58
plano_plantao_congelado_5a;228;19;3;18922.16;23700.0;-4777.84;18300.89;3773296.41;18866.48;12577.65
plano_plantao_congelado_5a;229;20;3;18922.16;23700.0;-4777.84;18366.71;3786885.27;18934.43;12622.95
plano_plantao_congelado_5a;230;20;3;18922.16;23700.0;-4777.84;18432.86;3800540.29;19002.7;12668.47
plano_plantao_congelado_5a;231;20;3;18922.16;23700.0;-4777.84;18499.32;3814261.77;19071.31;12714.21
plano_plantao_congelado_5a;232;20;3;18922.16;23700.0;-4777.84;18566.11;3828050.03;19140.25;12760.17
plano_plantao_congelado_5a;233;20;3;18922.16;23700.0;-4777.84;18633.23;3841905.42;19209.53;12806.35
plano_plantao_congelado_5a;234;20;3;18922.16;23700.0;-4777.84;18700.67;3855828.24;19279.14;12852.76
plano_plantao_congelado_5a;235;20;3;18922.16;23700.0;-4777.84;18768.44;3869818.84;19349.09;12899.4
plano_plantao_congelado_5a;236;20;3;18922.16;23700.0;-4777.84;18836.54;3883877.54;19419.39;12946.26
plano_plantao_congelado_5a;237;20;3;18922.16;23700.0;-4777.84;18904.97;3898004.66;19490.02;12993.35
plano_plantao_congelado_5a;238;20;3;18922.16;23700.0;-4777.84;18973.73;3912200.56;19561.0;13040.67
plano_plantao_congelado_5a;239;20;3;18922.16;23700.0;-4777.84;19042.83;3926465.55;19632.33;13088.22
plano_plantao_congelado_5a;240;20;3;18922.16;23700.0;-4777.84;19112.27;3940799.97;19704.0;13136.0
